[debug] [2026-08-31T13:59:32.442Z] ----------------------------------------------------------------------
[debug] [2026-08-31T13:59:32.444Z] Command:       C:\Program Files\nodejs\node.exe C:\Users\Omar\AppData\Roaming\npm\node_modules\firebase-tools\lib\bin\firebase.js deploy --only functions
[debug] [2026-08-31T13:59:32.444Z] CLI Version:   15.28.2
[debug] [2026-08-31T13:59:32.444Z] Platform:      win32
[debug] [2026-08-31T13:59:32.445Z] Node Version:  v24.13.0
[debug] [2026-08-31T13:59:32.445Z] Detected Agent: antigravity
[debug] [2026-08-31T13:59:32.445Z] Time:          Mon Aug 31 2026 16:59:32 GMT+0300 (Eastern European Summer Time)
[debug] [2026-08-31T13:59:32.445Z] ----------------------------------------------------------------------
[debug] 
[debug] [2026-08-31T13:59:33.692Z] > command requires scopes: ["email","openid","https://www.googleapis.com/auth/cloudplatformprojects.readonly","https://www.googleapis.com/auth/firebase","https://www.googleapis.com/auth/cloud-platform"]
[debug] [2026-08-31T13:59:33.692Z] > authorizing via signed-in user (des@cbrand.sa)
[debug] [2026-08-31T13:59:33.692Z] [iam] checking project activelink2026 for permissions ["cloudfunctions.functions.create","cloudfunctions.functions.delete","cloudfunctions.functions.get","cloudfunctions.functions.list","cloudfunctions.functions.update","cloudfunctions.operations.get","firebase.projects.get"]
[debug] [2026-08-31T13:59:33.704Z] Checked if tokens are valid: true, expires at: 1788187582862
[debug] [2026-08-31T13:59:33.704Z] Checked if tokens are valid: true, expires at: 1788187582862
[debug] [2026-08-31T13:59:33.705Z] >>> [apiv2][query] POST https://cloudresourcemanager.googleapis.com/v1/projects/activelink2026:testIamPermissions [none]
[debug] [2026-08-31T13:59:33.705Z] >>> [apiv2][(partial)header] POST https://cloudresourcemanager.googleapis.com/v1/projects/activelink2026:testIamPermissions  x-goog-user-project=activelink2026
[debug] [2026-08-31T13:59:33.705Z] >>> [apiv2][body] POST https://cloudresourcemanager.googleapis.com/v1/projects/activelink2026:testIamPermissions {"permissions":["cloudfunctions.functions.create","cloudfunctions.functions.delete","cloudfunctions.functions.get","cloudfunctions.functions.list","cloudfunctions.functions.update","cloudfunctions.operations.get","firebase.projects.get"]}
[debug] [2026-08-31T13:59:34.605Z] <<< [apiv2][status] POST https://cloudresourcemanager.googleapis.com/v1/projects/activelink2026:testIamPermissions 200
[debug] [2026-08-31T13:59:34.605Z] <<< [apiv2][body] POST https://cloudresourcemanager.googleapis.com/v1/projects/activelink2026:testIamPermissions {"permissions":["cloudfunctions.functions.create","cloudfunctions.functions.delete","cloudfunctions.functions.get","cloudfunctions.functions.list","cloudfunctions.functions.update","cloudfunctions.operations.get","firebase.projects.get"]}
[debug] [2026-08-31T13:59:34.605Z] Checked if tokens are valid: true, expires at: 1788187582862
[debug] [2026-08-31T13:59:34.605Z] Checked if tokens are valid: true, expires at: 1788187582862
[debug] [2026-08-31T13:59:34.605Z] >>> [apiv2][query] POST https://iam.googleapis.com/v1/projects/activelink2026/serviceAccounts/activelink2026@appspot.gserviceaccount.com:testIamPermissions [none]
[debug] [2026-08-31T13:59:34.605Z] >>> [apiv2][body] POST https://iam.googleapis.com/v1/projects/activelink2026/serviceAccounts/activelink2026@appspot.gserviceaccount.com:testIamPermissions {"permissions":["iam.serviceAccounts.actAs"]}
[debug] [2026-08-31T13:59:35.588Z] <<< [apiv2][status] POST https://iam.googleapis.com/v1/projects/activelink2026/serviceAccounts/activelink2026@appspot.gserviceaccount.com:testIamPermissions 200
[debug] [2026-08-31T13:59:35.588Z] <<< [apiv2][body] POST https://iam.googleapis.com/v1/projects/activelink2026/serviceAccounts/activelink2026@appspot.gserviceaccount.com:testIamPermissions {"permissions":["iam.serviceAccounts.actAs"]}
[info] 
[info] === Deploying to 'activelink2026'...
[info] 
[info] i  deploying functions 
[info] Running command: npm --prefix "$RESOURCE_DIR" run build
[info] +  functions: Finished running predeploy script. 
[debug] [2026-08-31T13:59:39.085Z] Checked if tokens are valid: true, expires at: 1788187582862
[debug] [2026-08-31T13:59:39.085Z] Checked if tokens are valid: true, expires at: 1788187582862
[debug] [2026-08-31T13:59:39.085Z] >>> [apiv2][query] GET https://cloudresourcemanager.googleapis.com/v1/projects/activelink2026 [none]
[debug] [2026-08-31T13:59:39.923Z] <<< [apiv2][status] GET https://cloudresourcemanager.googleapis.com/v1/projects/activelink2026 200
[debug] [2026-08-31T13:59:39.923Z] <<< [apiv2][body] GET https://cloudresourcemanager.googleapis.com/v1/projects/activelink2026 {"projectNumber":"1067597927443","projectId":"activelink2026","lifecycleState":"ACTIVE","name":"Activelink","labels":{"firebase":"enabled","firebase-core":"disabled"},"createTime":"2026-05-11T19:30:30.892Z","parent":{"type":"organization","id":"473761606451"}}
[info] i  functions: preparing codebase default for deployment 
[info] i  functions: ensuring required API cloudfunctions.googleapis.com is enabled... 
[info] i  functions: ensuring required API cloudbuild.googleapis.com is enabled... 
[info] i  artifactregistry: ensuring required API artifactregistry.googleapis.com is enabled... 
[debug] [2026-08-31T13:59:39.929Z] Checked if tokens are valid: true, expires at: 1788187582862
[debug] [2026-08-31T13:59:39.929Z] Checked if tokens are valid: true, expires at: 1788187582862
[debug] [2026-08-31T13:59:39.929Z] >>> [apiv2][query] GET https://firebase.googleapis.com/v1beta1/projects/activelink2026/adminSdkConfig [none]
[debug] [2026-08-31T13:59:40.679Z] <<< [apiv2][status] GET https://firebase.googleapis.com/v1beta1/projects/activelink2026/adminSdkConfig 200
[debug] [2026-08-31T13:59:40.679Z] <<< [apiv2][body] GET https://firebase.googleapis.com/v1beta1/projects/activelink2026/adminSdkConfig {"projectId":"activelink2026","storageBucket":"activelink2026.firebasestorage.app"}
[debug] [2026-08-31T13:59:40.680Z] Validating nodejs source
[warn] !  functions: Runtime Node.js 20 was deprecated on 2026-04-30 and will be decommissioned on 2026-10-30, after which you will not be able to deploy without upgrading. Consider upgrading now to avoid disruption. See https://cloud.google.com/functions/docs/runtime-support for full details on the lifecycle policy 
[debug] [2026-08-31T13:59:41.936Z] > [functions] package.json contents: {
  "name": "functions",
  "scripts": {
    "lint": "eslint .",
    "build": "tsc",
    "build:watch": "tsc --watch",
    "serve": "npm run build && firebase emulators:start --only functions",
    "shell": "npm run build && firebase functions:shell",
    "start": "npm run shell",
    "deploy": "firebase deploy --only functions",
    "logs": "firebase functions:log"
  },
  "engines": {
    "node": "20"
  },
  "main": "lib/index.js",
  "dependencies": {
    "firebase-admin": "^13.6.0",
    "firebase-functions": "^7.0.0"
  },
  "devDependencies": {
    "@typescript-eslint/eslint-plugin": "^5.12.0",
    "@typescript-eslint/parser": "^5.12.0",
    "eslint": "^8.9.0",
    "eslint-config-google": "^0.14.0",
    "eslint-plugin-import": "^2.25.4",
    "firebase-functions-test": "^3.4.1",
    "typescript": "^6.0.0"
  },
  "private": true
}
[debug] [2026-08-31T13:59:41.936Z] Building nodejs source
[info] i  functions: Loading and analyzing source code for codebase default to determine what to deploy 
[debug] [2026-08-31T13:59:41.938Z] Could not find functions.yaml. Must use http discovery
[debug] [2026-08-31T13:59:41.951Z] Found firebase-functions binary at 'C:\Users\Omar\THINK\Front\activenext\functions\node_modules\.bin\firebase-functions'
[info] Serving at port 8866

[debug] [2026-08-31T13:59:42.354Z] Got response from /__/functions.yaml {"endpoints":{"helloWorld":{"availableMemoryMb":null,"timeoutSeconds":null,"minInstances":null,"maxInstances":null,"ingressSettings":null,"concurrency":null,"serviceAccountEmail":null,"vpc":null,"platform":"gcfv2","labels":{},"httpsTrigger":{},"entryPoint":"helloWorld"}},"specVersion":"v1alpha1","requiredAPIs":[],"extensions":{}}
[debug] [2026-08-31T13:59:45.384Z] Checked if tokens are valid: true, expires at: 1788187582862
[debug] [2026-08-31T13:59:45.384Z] Checked if tokens are valid: true, expires at: 1788187582862
[debug] [2026-08-31T13:59:45.385Z] >>> [apiv2][query] GET https://cloudfunctions.googleapis.com/v1/projects/activelink2026/locations/-/functions [none]
[debug] [2026-08-31T13:59:46.056Z] <<< [apiv2][status] GET https://cloudfunctions.googleapis.com/v1/projects/activelink2026/locations/-/functions 200
[debug] [2026-08-31T13:59:46.057Z] <<< [apiv2][body] GET https://cloudfunctions.googleapis.com/v1/projects/activelink2026/locations/-/functions {}
[debug] [2026-08-31T13:59:46.057Z] Checked if tokens are valid: true, expires at: 1788187582862
[debug] [2026-08-31T13:59:46.057Z] Checked if tokens are valid: true, expires at: 1788187582862
[debug] [2026-08-31T13:59:46.057Z] >>> [apiv2][query] GET https://cloudfunctions.googleapis.com/v2/projects/activelink2026/locations/-/functions filter=environment%3D%22GEN_2%22
[debug] [2026-08-31T13:59:47.028Z] <<< [apiv2][status] GET https://cloudfunctions.googleapis.com/v2/projects/activelink2026/locations/-/functions 200
[debug] [2026-08-31T13:59:47.028Z] <<< [apiv2][body] GET https://cloudfunctions.googleapis.com/v2/projects/activelink2026/locations/-/functions {"functions":[{"name":"projects/activelink2026/locations/us-central1/functions/onOfferAccepted","buildConfig":{"build":"projects/1067597927443/locations/us-central1/builds/1f767fc9-fef9-4ee1-8a87-4269d3547ff1","runtime":"nodejs20","entryPoint":"onOfferAccepted","source":{"storageSource":{"bucket":"gcf-v2-sources-1067597927443-us-central1","object":"onOfferAccepted/function-source.zip","generation":"1788183720809094"}},"environmentVariables":{"GOOGLE_NODE_RUN_SCRIPTS":""},"dockerRepository":"projects/activelink2026/locations/us-central1/repositories/gcf-artifacts","sourceProvenance":{"resolvedStorageSource":{"bucket":"gcf-v2-sources-1067597927443-us-central1","object":"onOfferAccepted/function-source.zip","generation":"1788183720809094"}},"dockerRegistry":"ARTIFACT_REGISTRY","serviceAccount":"projects/activelink2026/serviceAccounts/1067597927443-compute@developer.gserviceaccount.com","automaticUpdatePolicy":{}},"state":"FAILED","updateTime":"2026-08-31T13:42:38.111387461Z","labels":{"firebase-functions-hash":"e69109180e7c5798aeba58802a53fdcbc861a287","deployment-tool":"cli-firebase"},"stateMessages":[{"severity":"ERROR","type":"CloudRunServiceNotFound","message":"Cloud Run service projects/activelink2026/locations/us-central1/services/onofferaccepted for the function was not found. The function will not work correctly. Please redeploy."},{"severity":"ERROR","type":"EventarcTriggerNotFound","message":"Eventarc trigger projects/activelink2026/locations/nam5/triggers/onofferaccepted-804324 for the function was not found. The function may not work correctly. Please redeploy."}],"environment":"GEN_2","url":"https://us-central1-activelink2026.cloudfunctions.net/onOfferAccepted","createTime":"2026-08-31T13:42:01.808611581Z","satisfiesPzi":true},{"name":"projects/activelink2026/locations/us-central1/functions/verifyOfferOtp","buildConfig":{"build":"projects/1067597927443/locations/us-central1/builds/ec20ce7a-3bbb-4ccd-8d3d-42a6c1e074c7","runtime":"nodejs20","entryPoint":"verifyOfferOtp","source":{"storageSource":{"bucket":"gcf-v2-sources-1067597927443-us-central1","object":"verifyOfferOtp/function-source.zip","generation":"1788183720887462"}},"environmentVariables":{"GOOGLE_NODE_RUN_SCRIPTS":""},"dockerRepository":"projects/activelink2026/locations/us-central1/repositories/gcf-artifacts","sourceProvenance":{"resolvedStorageSource":{"bucket":"gcf-v2-sources-1067597927443-us-central1","object":"verifyOfferOtp/function-source.zip","generation":"1788183720887462"}},"dockerRegistry":"ARTIFACT_REGISTRY","serviceAccount":"projects/activelink2026/serviceAccounts/1067597927443-compute@developer.gserviceaccount.com","automaticUpdatePolicy":{}},"state":"UNKNOWN","updateTime":"2026-08-31T13:57:16.825191446Z","labels":{"deployment-tool":"cli-firebase","deployment-callable":"true","firebase-functions-hash":"385dbd006fbbedb810319467ef78d52e623aff21"},"stateMessages":[{"severity":"ERROR","type":"CloudRunServiceNotFound","message":"Cloud Run service projects/activelink2026/locations/us-central1/services/verifyofferotp for the function was not found. The function will not work correctly. Please redeploy."}],"environment":"GEN_2","url":"https://us-central1-activelink2026.cloudfunctions.net/verifyOfferOtp","createTime":"2026-08-31T13:42:01.168239088Z","satisfiesPzi":true},{"name":"projects/activelink2026/locations/us-central1/functions/onOfferCreated","buildConfig":{"build":"projects/1067597927443/locations/us-central1/builds/b6cfeb4a-ac4b-46d4-895f-82b0a232dcc4","runtime":"nodejs20","entryPoint":"onOfferCreated","source":{"storageSource":{"bucket":"gcf-v2-sources-1067597927443-us-central1","object":"onOfferCreated/function-source.zip","generation":"1788183675662564"}},"environmentVariables":{"GOOGLE_NODE_RUN_SCRIPTS":""},"dockerRepository":"projects/activelink2026/locations/us-central1/repositories/gcf-artifacts","sourceProvenance":{"resolvedStorageSource":{"bucket":"gcf-v2-sources-1067597927443-us-central1","object":"onOfferCreated/function-source.zip","generation":"1788183675662564"}},"dockerRegistry":"ARTIFACT_REGISTRY","serviceAccount":"projects/activelink2026/serviceAccounts/1067597927443-compute@developer.gserviceaccount.com","automaticUpdatePolicy":{}},"state":"FAILED","updateTime":"2026-08-31T13:41:50.290897317Z","labels":{"deployment-tool":"cli-firebase","firebase-functions-hash":"e69109180e7c5798aeba58802a53fdcbc861a287"},"stateMessages":[{"severity":"ERROR","type":"CloudRunServiceNotFound","message":"Cloud Run service projects/activelink2026/locations/us-central1/services/onoffercreated for the function was not found. The function will not work correctly. Please redeploy."},{"severity":"ERROR","type":"EventarcTriggerNotFound","message":"Eventarc trigger projects/activelink2026/locations/nam5/triggers/onoffercreated-729725 for the function was not found. The function may not work correctly. Please redeploy."}],"environment":"GEN_2","url":"https://us-central1-activelink2026.cloudfunctions.net/onOfferCreated","createTime":"2026-08-31T13:41:16.716215961Z","satisfiesPzi":true}]}
[info] i  extensions: ensuring required API firebaseextensions.googleapis.com is enabled... 
[debug] [2026-08-31T13:59:47.030Z] > command requires scopes: ["email","openid","https://www.googleapis.com/auth/cloudplatformprojects.readonly","https://www.googleapis.com/auth/firebase","https://www.googleapis.com/auth/cloud-platform"]
[debug] [2026-08-31T13:59:47.030Z] > authorizing via signed-in user (des@cbrand.sa)
[debug] [2026-08-31T13:59:47.030Z] [iam] checking project activelink2026 for permissions ["firebase.projects.get","firebaseextensions.instances.list"]
[debug] [2026-08-31T13:59:47.030Z] Checked if tokens are valid: true, expires at: 1788187582862
[debug] [2026-08-31T13:59:47.030Z] Checked if tokens are valid: true, expires at: 1788187582862
[debug] [2026-08-31T13:59:47.030Z] >>> [apiv2][query] POST https://cloudresourcemanager.googleapis.com/v1/projects/activelink2026:testIamPermissions [none]
[debug] [2026-08-31T13:59:47.030Z] >>> [apiv2][(partial)header] POST https://cloudresourcemanager.googleapis.com/v1/projects/activelink2026:testIamPermissions  x-goog-user-project=activelink2026
[debug] [2026-08-31T13:59:47.030Z] >>> [apiv2][body] POST https://cloudresourcemanager.googleapis.com/v1/projects/activelink2026:testIamPermissions {"permissions":["firebase.projects.get","firebaseextensions.instances.list"]}
[debug] [2026-08-31T13:59:47.895Z] <<< [apiv2][status] POST https://cloudresourcemanager.googleapis.com/v1/projects/activelink2026:testIamPermissions 200
[debug] [2026-08-31T13:59:47.895Z] <<< [apiv2][body] POST https://cloudresourcemanager.googleapis.com/v1/projects/activelink2026:testIamPermissions {"permissions":["firebase.projects.get","firebaseextensions.instances.list"]}
[debug] [2026-08-31T13:59:47.895Z] Checked if tokens are valid: true, expires at: 1788187582862
[debug] [2026-08-31T13:59:47.895Z] Checked if tokens are valid: true, expires at: 1788187582862
[debug] [2026-08-31T13:59:47.895Z] >>> [apiv2][query] GET https://firebaseextensions.googleapis.com/v1beta/projects/activelink2026/instances pageSize=100&pageToken=
[debug] [2026-08-31T13:59:48.883Z] <<< [apiv2][status] GET https://firebaseextensions.googleapis.com/v1beta/projects/activelink2026/instances 200
[debug] [2026-08-31T13:59:48.883Z] <<< [apiv2][body] GET https://firebaseextensions.googleapis.com/v1beta/projects/activelink2026/instances {}
[debug] [2026-08-31T13:59:48.884Z] Attempting to merge .env secret bindings {} into declared secrets...)}
[debug] [2026-08-31T13:59:48.884Z] helloWorld declared secrets: undefined
[info] i  functions: preparing functions directory for uploading... 
[info] i  functions: packaged C:\Users\Omar\THINK\Front\activenext\functions (13 KB) for uploading 
[info] i  functions: ensuring required API run.googleapis.com is enabled... 
[info] i  functions: ensuring required API eventarc.googleapis.com is enabled... 
[info] i  functions: ensuring required API pubsub.googleapis.com is enabled... 
[info] i  functions: ensuring required API storage.googleapis.com is enabled... 
[info] i  functions: generating the service identity for pubsub.googleapis.com... 
[debug] [2026-08-31T13:59:48.937Z] Checked if tokens are valid: true, expires at: 1788187582862
[debug] [2026-08-31T13:59:48.937Z] Checked if tokens are valid: true, expires at: 1788187582862
[info] i  functions: generating the service identity for eventarc.googleapis.com... 
[debug] [2026-08-31T13:59:48.937Z] Checked if tokens are valid: true, expires at: 1788187582862
[debug] [2026-08-31T13:59:48.937Z] Checked if tokens are valid: true, expires at: 1788187582862
[debug] [2026-08-31T13:59:48.937Z] >>> [apiv2][query] POST https://serviceusage.googleapis.com/v1beta1/projects/1067597927443/services/pubsub.googleapis.com:generateServiceIdentity [none]
[debug] [2026-08-31T13:59:48.938Z] >>> [apiv2][(partial)header] POST https://serviceusage.googleapis.com/v1beta1/projects/1067597927443/services/pubsub.googleapis.com:generateServiceIdentity  x-goog-user-project=1067597927443
[debug] [2026-08-31T13:59:48.938Z] >>> [apiv2][body] POST https://serviceusage.googleapis.com/v1beta1/projects/1067597927443/services/pubsub.googleapis.com:generateServiceIdentity {}
[debug] [2026-08-31T13:59:48.938Z] >>> [apiv2][query] POST https://serviceusage.googleapis.com/v1beta1/projects/1067597927443/services/eventarc.googleapis.com:generateServiceIdentity [none]
[debug] [2026-08-31T13:59:48.938Z] >>> [apiv2][(partial)header] POST https://serviceusage.googleapis.com/v1beta1/projects/1067597927443/services/eventarc.googleapis.com:generateServiceIdentity  x-goog-user-project=1067597927443
[debug] [2026-08-31T13:59:48.938Z] >>> [apiv2][body] POST https://serviceusage.googleapis.com/v1beta1/projects/1067597927443/services/eventarc.googleapis.com:generateServiceIdentity {}
[debug] [2026-08-31T13:59:50.017Z] <<< [apiv2][status] POST https://serviceusage.googleapis.com/v1beta1/projects/1067597927443/services/eventarc.googleapis.com:generateServiceIdentity 200
[debug] [2026-08-31T13:59:50.017Z] <<< [apiv2][body] POST https://serviceusage.googleapis.com/v1beta1/projects/1067597927443/services/eventarc.googleapis.com:generateServiceIdentity {"name":"operations/finished.DONE_OPERATION","done":true,"response":{"@type":"type.googleapis.com/google.api.serviceusage.v1beta1.ServiceIdentity","email":"service-1067597927443@gcp-sa-eventarc.iam.gserviceaccount.com","uniqueId":"111938911303379516477"}}
[debug] [2026-08-31T13:59:50.078Z] <<< [apiv2][status] POST https://serviceusage.googleapis.com/v1beta1/projects/1067597927443/services/pubsub.googleapis.com:generateServiceIdentity 200
[debug] [2026-08-31T13:59:50.078Z] <<< [apiv2][body] POST https://serviceusage.googleapis.com/v1beta1/projects/1067597927443/services/pubsub.googleapis.com:generateServiceIdentity {"name":"operations/finished.DONE_OPERATION","done":true,"response":{"@type":"type.googleapis.com/google.api.serviceusage.v1beta1.ServiceIdentity","email":"service-1067597927443@gcp-sa-pubsub.iam.gserviceaccount.com","uniqueId":"114745569650766250868"}}
[debug] [2026-08-31T13:59:50.081Z] Checked if tokens are valid: true, expires at: 1788187582862
[debug] [2026-08-31T13:59:50.081Z] Checked if tokens are valid: true, expires at: 1788187582862
[debug] [2026-08-31T13:59:50.081Z] >>> [apiv2][query] GET https://cloudbilling.googleapis.com/v1/projects/activelink2026/billingInfo [none]
[debug] [2026-08-31T13:59:50.081Z] >>> [apiv2][(partial)header] GET https://cloudbilling.googleapis.com/v1/projects/activelink2026/billingInfo  x-goog-user-project=activelink2026
[debug] [2026-08-31T13:59:50.446Z] <<< [apiv2][status] GET https://cloudbilling.googleapis.com/v1/projects/activelink2026/billingInfo 200
[debug] [2026-08-31T13:59:50.446Z] <<< [apiv2][body] GET https://cloudbilling.googleapis.com/v1/projects/activelink2026/billingInfo {"name":"projects/activelink2026/billingInfo","projectId":"activelink2026","billingAccountName":"billingAccounts/01E2BD-08B541-632F4D","billingEnabled":true}
[debug] [2026-08-31T13:59:50.447Z] [functions] found 1 new HTTP functions, testing setIamPolicy permission...
[debug] [2026-08-31T13:59:50.447Z] Checked if tokens are valid: true, expires at: 1788187582862
[debug] [2026-08-31T13:59:50.447Z] Checked if tokens are valid: true, expires at: 1788187582862
[debug] [2026-08-31T13:59:50.447Z] >>> [apiv2][query] POST https://cloudresourcemanager.googleapis.com/v1/projects/activelink2026:testIamPermissions [none]
[debug] [2026-08-31T13:59:50.447Z] >>> [apiv2][(partial)header] POST https://cloudresourcemanager.googleapis.com/v1/projects/activelink2026:testIamPermissions  x-goog-user-project=activelink2026
[debug] [2026-08-31T13:59:50.447Z] >>> [apiv2][body] POST https://cloudresourcemanager.googleapis.com/v1/projects/activelink2026:testIamPermissions {"permissions":["cloudfunctions.functions.setIamPolicy"]}
[debug] [2026-08-31T13:59:50.701Z] <<< [apiv2][status] POST https://cloudresourcemanager.googleapis.com/v1/projects/activelink2026:testIamPermissions 200
[debug] [2026-08-31T13:59:50.701Z] <<< [apiv2][body] POST https://cloudresourcemanager.googleapis.com/v1/projects/activelink2026:testIamPermissions {"permissions":["cloudfunctions.functions.setIamPolicy"]}
[debug] [2026-08-31T13:59:50.701Z] [functions] found setIamPolicy permission, proceeding with deploy
[debug] [2026-08-31T13:59:50.702Z] Checked if tokens are valid: true, expires at: 1788187582862
[debug] [2026-08-31T13:59:50.702Z] Checked if tokens are valid: true, expires at: 1788187582862
[debug] [2026-08-31T13:59:50.702Z] >>> [apiv2][query] POST https://cloudfunctions.googleapis.com/v2/projects/activelink2026/locations/us-central1/functions:generateUploadUrl [none]
[debug] [2026-08-31T13:59:51.546Z] <<< [apiv2][status] POST https://cloudfunctions.googleapis.com/v2/projects/activelink2026/locations/us-central1/functions:generateUploadUrl 200
[debug] [2026-08-31T13:59:51.546Z] <<< [apiv2][body] POST https://cloudfunctions.googleapis.com/v2/projects/activelink2026/locations/us-central1/functions:generateUploadUrl {"uploadUrl":"https://storage.googleapis.com/gcf-v2-uploads-1067597927443.us-central1.cloudfunctions.appspot.com/898613d0-485c-4cba-aad9-ed9690299f96.zip?GoogleAccessId=service-1067597927443@gcf-admin-robot.iam.gserviceaccount.com&Expires=1788186591&Signature=BP%2FvGjKzaAX%2Fgsll2lKzjUr94uwUsKkQsLZqMHj%2FBAVAhQGdAk0SQo2deuQY8i4cYcbdQbnoQq2xxv%2F7G1KH7hrbUgmOhzr%2BYEHAt9bUZZx8g4z1inK6rDF%2BHVrajgeJrXyPtb3jcygmAP2HmHFKhFRdzPa5WT%2FC5mNh2KAB1Iw3GzTpV%2Bx77TDih0dS9TOSzLAtxB7Och%2B%2B5qi1xbMJnCsl%2B88pUbusHs0eBrcfZLCuBbwpkqiA0iHAPukEvH6SRfcH5K6Ki%2FcyqLOxMFfEN8lriK5mq7tSCqy80KXm9B8gFsvkJiFEslG%2BY6k6j1rsjLnA14K4RKYHOYEjcYoamQ%3D%3D","storageSource":{"bucket":"gcf-v2-uploads-1067597927443.us-central1.cloudfunctions.appspot.com","object":"898613d0-485c-4cba-aad9-ed9690299f96.zip"}}
[debug] [2026-08-31T13:59:51.546Z] >>> [apiv2][query] PUT https://storage.googleapis.com/gcf-v2-uploads-1067597927443.us-central1.cloudfunctions.appspot.com/898613d0-485c-4cba-aad9-ed9690299f96.zip GoogleAccessId=service-1067597927443%40gcf-admin-robot.iam.gserviceaccount.com&Expires=1788186591&Signature=BP%2FvGjKzaAX%2Fgsll2lKzjUr94uwUsKkQsLZqMHj%2FBAVAhQGdAk0SQo2deuQY8i4cYcbdQbnoQq2xxv%2F7G1KH7hrbUgmOhzr%2BYEHAt9bUZZx8g4z1inK6rDF%2BHVrajgeJrXyPtb3jcygmAP2HmHFKhFRdzPa5WT%2FC5mNh2KAB1Iw3GzTpV%2Bx77TDih0dS9TOSzLAtxB7Och%2B%2B5qi1xbMJnCsl%2B88pUbusHs0eBrcfZLCuBbwpkqiA0iHAPukEvH6SRfcH5K6Ki%2FcyqLOxMFfEN8lriK5mq7tSCqy80KXm9B8gFsvkJiFEslG%2BY6k6j1rsjLnA14K4RKYHOYEjcYoamQ%3D%3D
[debug] [2026-08-31T13:59:51.546Z] >>> [apiv2][body] PUT https://storage.googleapis.com/gcf-v2-uploads-1067597927443.us-central1.cloudfunctions.appspot.com/898613d0-485c-4cba-aad9-ed9690299f96.zip [stream]
[debug] [2026-08-31T13:59:52.062Z] <<< [apiv2][status] PUT https://storage.googleapis.com/gcf-v2-uploads-1067597927443.us-central1.cloudfunctions.appspot.com/898613d0-485c-4cba-aad9-ed9690299f96.zip 200
[debug] [2026-08-31T13:59:52.062Z] <<< [apiv2][body] PUT https://storage.googleapis.com/gcf-v2-uploads-1067597927443.us-central1.cloudfunctions.appspot.com/898613d0-485c-4cba-aad9-ed9690299f96.zip [omitted]
[info] +  functions: functions source uploaded successfully 
[info] i  functions: creating Node.js 20 (2nd Gen) function helloWorld(us-central1)... 
[debug] [2026-08-31T13:59:52.066Z] Checked if tokens are valid: true, expires at: 1788187582862
[debug] [2026-08-31T13:59:52.067Z] Checked if tokens are valid: true, expires at: 1788187582862
[debug] [2026-08-31T13:59:52.067Z] >>> [apiv2][query] POST https://cloudfunctions.googleapis.com/v2/projects/activelink2026/locations/us-central1/functions functionId=helloWorld
[debug] [2026-08-31T13:59:52.067Z] >>> [apiv2][body] POST https://cloudfunctions.googleapis.com/v2/projects/activelink2026/locations/us-central1/functions {"name":"projects/activelink2026/locations/us-central1/functions/helloWorld","buildConfig":{"runtime":"nodejs20","entryPoint":"helloWorld","source":{"storageSource":{"bucket":"gcf-v2-uploads-1067597927443.us-central1.cloudfunctions.appspot.com","object":"898613d0-485c-4cba-aad9-ed9690299f96.zip"}},"environmentVariables":{"GOOGLE_NODE_RUN_SCRIPTS":""}},"serviceConfig":{"environmentVariables":{"FIREBASE_CONFIG":"{\"projectId\":\"activelink2026\",\"storageBucket\":\"activelink2026.firebasestorage.app\"}","GCLOUD_PROJECT":"activelink2026","EVENTARC_CLOUD_EVENT_SOURCE":"projects/activelink2026/locations/us-central1/services/helloWorld","FUNCTION_REGION":"us-central1","FUNCTION_TARGET":"helloWorld","LOG_EXECUTION_ID":"true"},"ingressSettings":null,"timeoutSeconds":null,"serviceAccountEmail":null,"availableMemory":"256Mi","minInstanceCount":null,"maxInstanceCount":null,"maxInstanceRequestConcurrency":80,"availableCpu":"1","vpcConnector":null,"vpcConnectorEgressSettings":null,"directVpcNetworkInterface":null,"directVpcEgress":null},"labels":{"deployment-tool":"cli-firebase","firebase-functions-hash":"730ccd086e97353d5fcd3d029d3cd375859e744e"}}
[debug] [2026-08-31T13:59:53.384Z] <<< [apiv2][status] POST https://cloudfunctions.googleapis.com/v2/projects/activelink2026/locations/us-central1/functions 200
[debug] [2026-08-31T13:59:53.384Z] <<< [apiv2][body] POST https://cloudfunctions.googleapis.com/v2/projects/activelink2026/locations/us-central1/functions {"name":"projects/activelink2026/locations/us-central1/operations/operation-1788184792774-65a58375db583-5a21a00c-1a57ebad","metadata":{"@type":"type.googleapis.com/google.cloud.functions.v2.OperationMetadata","createTime":"2026-08-31T13:59:53.334311312Z","target":"projects/activelink2026/locations/us-central1/functions/helloWorld","verb":"create","cancelRequested":false,"apiVersion":"v2"},"done":false}
[debug] [2026-08-31T13:59:53.384Z] Checked if tokens are valid: true, expires at: 1788187582862
[debug] [2026-08-31T13:59:53.384Z] Checked if tokens are valid: true, expires at: 1788187582862
[debug] [2026-08-31T13:59:53.385Z] >>> [apiv2][query] GET https://cloudfunctions.googleapis.com/v2/projects/activelink2026/locations/us-central1/operations/operation-1788184792774-65a58375db583-5a21a00c-1a57ebad [none]
[debug] [2026-08-31T13:59:54.169Z] <<< [apiv2][status] GET https://cloudfunctions.googleapis.com/v2/projects/activelink2026/locations/us-central1/operations/operation-1788184792774-65a58375db583-5a21a00c-1a57ebad 200
[debug] [2026-08-31T13:59:54.169Z] <<< [apiv2][body] GET https://cloudfunctions.googleapis.com/v2/projects/activelink2026/locations/us-central1/operations/operation-1788184792774-65a58375db583-5a21a00c-1a57ebad {"name":"projects/activelink2026/locations/us-central1/operations/operation-1788184792774-65a58375db583-5a21a00c-1a57ebad","metadata":{"@type":"type.googleapis.com/google.cloud.functions.v2.OperationMetadata","createTime":"2026-08-31T13:59:53.334311312Z","target":"projects/activelink2026/locations/us-central1/functions/helloWorld","verb":"create","cancelRequested":false,"apiVersion":"v2","requestResource":{"@type":"type.googleapis.com/google.cloud.functions.v2.Function","name":"projects/activelink2026/locations/us-central1/functions/helloWorld","buildConfig":{"runtime":"nodejs20","entryPoint":"helloWorld","source":{"storageSource":{"bucket":"gcf-v2-sources-1067597927443-us-central1","object":"helloWorld/function-source.zip","generation":"1788184793060699"}},"environmentVariables":{"GOOGLE_NODE_RUN_SCRIPTS":""},"serviceAccount":"projects/activelink2026/serviceAccounts/1067597927443-compute@developer.gserviceaccount.com","automaticUpdatePolicy":{}},"serviceConfig":{"service":"projects/activelink2026/locations/us-central1/services/helloworld","timeoutSeconds":60,"environmentVariables":{"FIREBASE_CONFIG":"{\"projectId\":\"activelink2026\",\"storageBucket\":\"activelink2026.firebasestorage.app\"}","GCLOUD_PROJECT":"activelink2026","EVENTARC_CLOUD_EVENT_SOURCE":"projects/activelink2026/locations/us-central1/services/helloWorld","FUNCTION_REGION":"us-central1","FUNCTION_TARGET":"helloWorld","LOG_EXECUTION_ID":"true"},"ingressSettings":"ALLOW_ALL","serviceAccountEmail":"1067597927443-compute@developer.gserviceaccount.com","availableMemory":"256Mi","maxInstanceRequestConcurrency":80,"availableCpu":"1"},"labels":{"deployment-tool":"cli-firebase","firebase-functions-hash":"730ccd086e97353d5fcd3d029d3cd375859e744e"},"environment":"GEN_2"},"stages":[{"name":"BUILD","state":"NOT_STARTED","stateMessages":[{"severity":"WARNING","type":"BuildAnalysisWarning","message":"Node.js 20 is no longer supported by the Node.js community as of 30 April, 2026. Node.js 20 will be decommissioned on 2026-10-30. As of 2026-10-30 you will no longer be able to deploy your Cloud Functions using nodejs20. We recommend you to upgrade to the latest version of Node.js as soon as possible."}]},{"name":"SERVICE","state":"NOT_STARTED"}],"operationType":"CREATE_FUNCTION"},"done":false}
[debug] [2026-08-31T13:59:54.671Z] [create-default-us-central1-helloWorld] Retrying task index 0
[debug] [2026-08-31T13:59:54.671Z] Checked if tokens are valid: true, expires at: 1788187582862
[debug] [2026-08-31T13:59:54.671Z] Checked if tokens are valid: true, expires at: 1788187582862
[debug] [2026-08-31T13:59:54.671Z] >>> [apiv2][query] GET https://cloudfunctions.googleapis.com/v2/projects/activelink2026/locations/us-central1/operations/operation-1788184792774-65a58375db583-5a21a00c-1a57ebad [none]
[debug] [2026-08-31T13:59:55.416Z] <<< [apiv2][status] GET https://cloudfunctions.googleapis.com/v2/projects/activelink2026/locations/us-central1/operations/operation-1788184792774-65a58375db583-5a21a00c-1a57ebad 200
[debug] [2026-08-31T13:59:55.417Z] <<< [apiv2][body] GET https://cloudfunctions.googleapis.com/v2/projects/activelink2026/locations/us-central1/operations/operation-1788184792774-65a58375db583-5a21a00c-1a57ebad {"name":"projects/activelink2026/locations/us-central1/operations/operation-1788184792774-65a58375db583-5a21a00c-1a57ebad","metadata":{"@type":"type.googleapis.com/google.cloud.functions.v2.OperationMetadata","createTime":"2026-08-31T13:59:53.334311312Z","target":"projects/activelink2026/locations/us-central1/functions/helloWorld","verb":"create","cancelRequested":false,"apiVersion":"v2","requestResource":{"@type":"type.googleapis.com/google.cloud.functions.v2.Function","name":"projects/activelink2026/locations/us-central1/functions/helloWorld","buildConfig":{"runtime":"nodejs20","entryPoint":"helloWorld","source":{"storageSource":{"bucket":"gcf-v2-sources-1067597927443-us-central1","object":"helloWorld/function-source.zip","generation":"1788184793060699"}},"environmentVariables":{"GOOGLE_NODE_RUN_SCRIPTS":""},"serviceAccount":"projects/activelink2026/serviceAccounts/1067597927443-compute@developer.gserviceaccount.com","automaticUpdatePolicy":{}},"serviceConfig":{"service":"projects/activelink2026/locations/us-central1/services/helloworld","timeoutSeconds":60,"environmentVariables":{"FIREBASE_CONFIG":"{\"projectId\":\"activelink2026\",\"storageBucket\":\"activelink2026.firebasestorage.app\"}","GCLOUD_PROJECT":"activelink2026","EVENTARC_CLOUD_EVENT_SOURCE":"projects/activelink2026/locations/us-central1/services/helloWorld","FUNCTION_REGION":"us-central1","FUNCTION_TARGET":"helloWorld","LOG_EXECUTION_ID":"true"},"ingressSettings":"ALLOW_ALL","serviceAccountEmail":"1067597927443-compute@developer.gserviceaccount.com","availableMemory":"256Mi","maxInstanceRequestConcurrency":80,"availableCpu":"1"},"labels":{"deployment-tool":"cli-firebase","firebase-functions-hash":"730ccd086e97353d5fcd3d029d3cd375859e744e"},"environment":"GEN_2"},"stages":[{"name":"BUILD","message":"Build in progress","state":"IN_PROGRESS","resource":"projects/1067597927443/locations/us-central1/builds/59f6e74a-fc56-49e8-8998-e89074ad9542","resourceUri":"https://console.cloud.google.com/cloud-build/builds;region=us-central1/59f6e74a-fc56-49e8-8998-e89074ad9542?project=1067597927443"},{"name":"SERVICE","state":"NOT_STARTED"}],"operationType":"CREATE_FUNCTION","buildName":"projects/1067597927443/locations/us-central1/builds/59f6e74a-fc56-49e8-8998-e89074ad9542"},"done":false}
[debug] [2026-08-31T13:59:56.419Z] [create-default-us-central1-helloWorld] Retrying task index 0
[debug] [2026-08-31T13:59:56.419Z] Checked if tokens are valid: true, expires at: 1788187582862
[debug] [2026-08-31T13:59:56.419Z] Checked if tokens are valid: true, expires at: 1788187582862
[debug] [2026-08-31T13:59:56.419Z] >>> [apiv2][query] GET https://cloudfunctions.googleapis.com/v2/projects/activelink2026/locations/us-central1/operations/operation-1788184792774-65a58375db583-5a21a00c-1a57ebad [none]
[debug] [2026-08-31T13:59:57.181Z] <<< [apiv2][status] GET https://cloudfunctions.googleapis.com/v2/projects/activelink2026/locations/us-central1/operations/operation-1788184792774-65a58375db583-5a21a00c-1a57ebad 200
[debug] [2026-08-31T13:59:57.181Z] <<< [apiv2][body] GET https://cloudfunctions.googleapis.com/v2/projects/activelink2026/locations/us-central1/operations/operation-1788184792774-65a58375db583-5a21a00c-1a57ebad {"name":"projects/activelink2026/locations/us-central1/operations/operation-1788184792774-65a58375db583-5a21a00c-1a57ebad","metadata":{"@type":"type.googleapis.com/google.cloud.functions.v2.OperationMetadata","createTime":"2026-08-31T13:59:53.334311312Z","target":"projects/activelink2026/locations/us-central1/functions/helloWorld","verb":"create","cancelRequested":false,"apiVersion":"v2","requestResource":{"@type":"type.googleapis.com/google.cloud.functions.v2.Function","name":"projects/activelink2026/locations/us-central1/functions/helloWorld","buildConfig":{"runtime":"nodejs20","entryPoint":"helloWorld","source":{"storageSource":{"bucket":"gcf-v2-sources-1067597927443-us-central1","object":"helloWorld/function-source.zip","generation":"1788184793060699"}},"environmentVariables":{"GOOGLE_NODE_RUN_SCRIPTS":""},"serviceAccount":"projects/activelink2026/serviceAccounts/1067597927443-compute@developer.gserviceaccount.com","automaticUpdatePolicy":{}},"serviceConfig":{"service":"projects/activelink2026/locations/us-central1/services/helloworld","timeoutSeconds":60,"environmentVariables":{"FIREBASE_CONFIG":"{\"projectId\":\"activelink2026\",\"storageBucket\":\"activelink2026.firebasestorage.app\"}","GCLOUD_PROJECT":"activelink2026","EVENTARC_CLOUD_EVENT_SOURCE":"projects/activelink2026/locations/us-central1/services/helloWorld","FUNCTION_REGION":"us-central1","FUNCTION_TARGET":"helloWorld","LOG_EXECUTION_ID":"true"},"ingressSettings":"ALLOW_ALL","serviceAccountEmail":"1067597927443-compute@developer.gserviceaccount.com","availableMemory":"256Mi","maxInstanceRequestConcurrency":80,"availableCpu":"1"},"labels":{"deployment-tool":"cli-firebase","firebase-functions-hash":"730ccd086e97353d5fcd3d029d3cd375859e744e"},"environment":"GEN_2"},"stages":[{"name":"BUILD","message":"Build in progress","state":"IN_PROGRESS","resource":"projects/1067597927443/locations/us-central1/builds/59f6e74a-fc56-49e8-8998-e89074ad9542","resourceUri":"https://console.cloud.google.com/cloud-build/builds;region=us-central1/59f6e74a-fc56-49e8-8998-e89074ad9542?project=1067597927443"},{"name":"SERVICE","state":"NOT_STARTED"}],"operationType":"CREATE_FUNCTION","buildName":"projects/1067597927443/locations/us-central1/builds/59f6e74a-fc56-49e8-8998-e89074ad9542"},"done":false}
[debug] [2026-08-31T13:59:59.193Z] [create-default-us-central1-helloWorld] Retrying task index 0
[debug] [2026-08-31T13:59:59.193Z] Checked if tokens are valid: true, expires at: 1788187582862
[debug] [2026-08-31T13:59:59.194Z] Checked if tokens are valid: true, expires at: 1788187582862
[debug] [2026-08-31T13:59:59.194Z] >>> [apiv2][query] GET https://cloudfunctions.googleapis.com/v2/projects/activelink2026/locations/us-central1/operations/operation-1788184792774-65a58375db583-5a21a00c-1a57ebad [none]
[debug] [2026-08-31T13:59:59.958Z] <<< [apiv2][status] GET https://cloudfunctions.googleapis.com/v2/projects/activelink2026/locations/us-central1/operations/operation-1788184792774-65a58375db583-5a21a00c-1a57ebad 200
[debug] [2026-08-31T13:59:59.958Z] <<< [apiv2][body] GET https://cloudfunctions.googleapis.com/v2/projects/activelink2026/locations/us-central1/operations/operation-1788184792774-65a58375db583-5a21a00c-1a57ebad {"name":"projects/activelink2026/locations/us-central1/operations/operation-1788184792774-65a58375db583-5a21a00c-1a57ebad","metadata":{"@type":"type.googleapis.com/google.cloud.functions.v2.OperationMetadata","createTime":"2026-08-31T13:59:53.334311312Z","target":"projects/activelink2026/locations/us-central1/functions/helloWorld","verb":"create","cancelRequested":false,"apiVersion":"v2","requestResource":{"@type":"type.googleapis.com/google.cloud.functions.v2.Function","name":"projects/activelink2026/locations/us-central1/functions/helloWorld","buildConfig":{"runtime":"nodejs20","entryPoint":"helloWorld","source":{"storageSource":{"bucket":"gcf-v2-sources-1067597927443-us-central1","object":"helloWorld/function-source.zip","generation":"1788184793060699"}},"environmentVariables":{"GOOGLE_NODE_RUN_SCRIPTS":""},"serviceAccount":"projects/activelink2026/serviceAccounts/1067597927443-compute@developer.gserviceaccount.com","automaticUpdatePolicy":{}},"serviceConfig":{"service":"projects/activelink2026/locations/us-central1/services/helloworld","timeoutSeconds":60,"environmentVariables":{"FIREBASE_CONFIG":"{\"projectId\":\"activelink2026\",\"storageBucket\":\"activelink2026.firebasestorage.app\"}","GCLOUD_PROJECT":"activelink2026","EVENTARC_CLOUD_EVENT_SOURCE":"projects/activelink2026/locations/us-central1/services/helloWorld","FUNCTION_REGION":"us-central1","FUNCTION_TARGET":"helloWorld","LOG_EXECUTION_ID":"true"},"ingressSettings":"ALLOW_ALL","serviceAccountEmail":"1067597927443-compute@developer.gserviceaccount.com","availableMemory":"256Mi","maxInstanceRequestConcurrency":80,"availableCpu":"1"},"labels":{"deployment-tool":"cli-firebase","firebase-functions-hash":"730ccd086e97353d5fcd3d029d3cd375859e744e"},"environment":"GEN_2"},"stages":[{"name":"BUILD","message":"Build in progress","state":"IN_PROGRESS","resource":"projects/1067597927443/locations/us-central1/builds/59f6e74a-fc56-49e8-8998-e89074ad9542","resourceUri":"https://console.cloud.google.com/cloud-build/builds;region=us-central1/59f6e74a-fc56-49e8-8998-e89074ad9542?project=1067597927443"},{"name":"SERVICE","state":"NOT_STARTED"}],"operationType":"CREATE_FUNCTION","buildName":"projects/1067597927443/locations/us-central1/builds/59f6e74a-fc56-49e8-8998-e89074ad9542"},"done":false}
[debug] [2026-08-31T14:00:03.961Z] [create-default-us-central1-helloWorld] Retrying task index 0
[debug] [2026-08-31T14:00:03.961Z] Checked if tokens are valid: true, expires at: 1788187582862
[debug] [2026-08-31T14:00:03.961Z] Checked if tokens are valid: true, expires at: 1788187582862
[debug] [2026-08-31T14:00:03.961Z] >>> [apiv2][query] GET https://cloudfunctions.googleapis.com/v2/projects/activelink2026/locations/us-central1/operations/operation-1788184792774-65a58375db583-5a21a00c-1a57ebad [none]
[debug] [2026-08-31T14:00:04.312Z] <<< [apiv2][status] GET https://cloudfunctions.googleapis.com/v2/projects/activelink2026/locations/us-central1/operations/operation-1788184792774-65a58375db583-5a21a00c-1a57ebad 200
[debug] [2026-08-31T14:00:04.312Z] <<< [apiv2][body] GET https://cloudfunctions.googleapis.com/v2/projects/activelink2026/locations/us-central1/operations/operation-1788184792774-65a58375db583-5a21a00c-1a57ebad {"name":"projects/activelink2026/locations/us-central1/operations/operation-1788184792774-65a58375db583-5a21a00c-1a57ebad","metadata":{"@type":"type.googleapis.com/google.cloud.functions.v2.OperationMetadata","createTime":"2026-08-31T13:59:53.334311312Z","target":"projects/activelink2026/locations/us-central1/functions/helloWorld","verb":"create","cancelRequested":false,"apiVersion":"v2","requestResource":{"@type":"type.googleapis.com/google.cloud.functions.v2.Function","name":"projects/activelink2026/locations/us-central1/functions/helloWorld","buildConfig":{"runtime":"nodejs20","entryPoint":"helloWorld","source":{"storageSource":{"bucket":"gcf-v2-sources-1067597927443-us-central1","object":"helloWorld/function-source.zip","generation":"1788184793060699"}},"environmentVariables":{"GOOGLE_NODE_RUN_SCRIPTS":""},"serviceAccount":"projects/activelink2026/serviceAccounts/1067597927443-compute@developer.gserviceaccount.com","automaticUpdatePolicy":{}},"serviceConfig":{"service":"projects/activelink2026/locations/us-central1/services/helloworld","timeoutSeconds":60,"environmentVariables":{"FIREBASE_CONFIG":"{\"projectId\":\"activelink2026\",\"storageBucket\":\"activelink2026.firebasestorage.app\"}","GCLOUD_PROJECT":"activelink2026","EVENTARC_CLOUD_EVENT_SOURCE":"projects/activelink2026/locations/us-central1/services/helloWorld","FUNCTION_REGION":"us-central1","FUNCTION_TARGET":"helloWorld","LOG_EXECUTION_ID":"true"},"ingressSettings":"ALLOW_ALL","serviceAccountEmail":"1067597927443-compute@developer.gserviceaccount.com","availableMemory":"256Mi","maxInstanceRequestConcurrency":80,"availableCpu":"1"},"labels":{"deployment-tool":"cli-firebase","firebase-functions-hash":"730ccd086e97353d5fcd3d029d3cd375859e744e"},"environment":"GEN_2"},"stages":[{"name":"BUILD","message":"Build in progress","state":"IN_PROGRESS","resource":"projects/1067597927443/locations/us-central1/builds/59f6e74a-fc56-49e8-8998-e89074ad9542","resourceUri":"https://console.cloud.google.com/cloud-build/builds;region=us-central1/59f6e74a-fc56-49e8-8998-e89074ad9542?project=1067597927443"},{"name":"SERVICE","state":"NOT_STARTED"}],"operationType":"CREATE_FUNCTION","buildName":"projects/1067597927443/locations/us-central1/builds/59f6e74a-fc56-49e8-8998-e89074ad9542"},"done":false}
[debug] [2026-08-31T14:00:12.318Z] [create-default-us-central1-helloWorld] Retrying task index 0
[debug] [2026-08-31T14:00:12.319Z] Checked if tokens are valid: true, expires at: 1788187582862
[debug] [2026-08-31T14:00:12.319Z] Checked if tokens are valid: true, expires at: 1788187582862
[debug] [2026-08-31T14:00:12.319Z] >>> [apiv2][query] GET https://cloudfunctions.googleapis.com/v2/projects/activelink2026/locations/us-central1/operations/operation-1788184792774-65a58375db583-5a21a00c-1a57ebad [none]
[debug] [2026-08-31T14:00:13.208Z] <<< [apiv2][status] GET https://cloudfunctions.googleapis.com/v2/projects/activelink2026/locations/us-central1/operations/operation-1788184792774-65a58375db583-5a21a00c-1a57ebad 200
[debug] [2026-08-31T14:00:13.208Z] <<< [apiv2][body] GET https://cloudfunctions.googleapis.com/v2/projects/activelink2026/locations/us-central1/operations/operation-1788184792774-65a58375db583-5a21a00c-1a57ebad {"name":"projects/activelink2026/locations/us-central1/operations/operation-1788184792774-65a58375db583-5a21a00c-1a57ebad","metadata":{"@type":"type.googleapis.com/google.cloud.functions.v2.OperationMetadata","createTime":"2026-08-31T13:59:53.334311312Z","target":"projects/activelink2026/locations/us-central1/functions/helloWorld","verb":"create","cancelRequested":false,"apiVersion":"v2","requestResource":{"@type":"type.googleapis.com/google.cloud.functions.v2.Function","name":"projects/activelink2026/locations/us-central1/functions/helloWorld","buildConfig":{"runtime":"nodejs20","entryPoint":"helloWorld","source":{"storageSource":{"bucket":"gcf-v2-sources-1067597927443-us-central1","object":"helloWorld/function-source.zip","generation":"1788184793060699"}},"environmentVariables":{"GOOGLE_NODE_RUN_SCRIPTS":""},"serviceAccount":"projects/activelink2026/serviceAccounts/1067597927443-compute@developer.gserviceaccount.com","automaticUpdatePolicy":{}},"serviceConfig":{"service":"projects/activelink2026/locations/us-central1/services/helloworld","timeoutSeconds":60,"environmentVariables":{"FIREBASE_CONFIG":"{\"projectId\":\"activelink2026\",\"storageBucket\":\"activelink2026.firebasestorage.app\"}","GCLOUD_PROJECT":"activelink2026","EVENTARC_CLOUD_EVENT_SOURCE":"projects/activelink2026/locations/us-central1/services/helloWorld","FUNCTION_REGION":"us-central1","FUNCTION_TARGET":"helloWorld","LOG_EXECUTION_ID":"true"},"ingressSettings":"ALLOW_ALL","serviceAccountEmail":"1067597927443-compute@developer.gserviceaccount.com","availableMemory":"256Mi","maxInstanceRequestConcurrency":80,"availableCpu":"1"},"labels":{"deployment-tool":"cli-firebase","firebase-functions-hash":"730ccd086e97353d5fcd3d029d3cd375859e744e"},"environment":"GEN_2"},"stages":[{"name":"BUILD","message":"Build in progress","state":"IN_PROGRESS","resource":"projects/1067597927443/locations/us-central1/builds/59f6e74a-fc56-49e8-8998-e89074ad9542","resourceUri":"https://console.cloud.google.com/cloud-build/builds;region=us-central1/59f6e74a-fc56-49e8-8998-e89074ad9542?project=1067597927443"},{"name":"SERVICE","state":"NOT_STARTED"}],"operationType":"CREATE_FUNCTION","buildName":"projects/1067597927443/locations/us-central1/builds/59f6e74a-fc56-49e8-8998-e89074ad9542"},"done":false}
[debug] [2026-08-31T14:00:23.210Z] [create-default-us-central1-helloWorld] Retrying task index 0
[debug] [2026-08-31T14:00:23.210Z] Checked if tokens are valid: true, expires at: 1788187582862
[debug] [2026-08-31T14:00:23.210Z] Checked if tokens are valid: true, expires at: 1788187582862
[debug] [2026-08-31T14:00:23.210Z] >>> [apiv2][query] GET https://cloudfunctions.googleapis.com/v2/projects/activelink2026/locations/us-central1/operations/operation-1788184792774-65a58375db583-5a21a00c-1a57ebad [none]
[debug] [2026-08-31T14:00:23.588Z] <<< [apiv2][status] GET https://cloudfunctions.googleapis.com/v2/projects/activelink2026/locations/us-central1/operations/operation-1788184792774-65a58375db583-5a21a00c-1a57ebad 200
[debug] [2026-08-31T14:00:23.588Z] <<< [apiv2][body] GET https://cloudfunctions.googleapis.com/v2/projects/activelink2026/locations/us-central1/operations/operation-1788184792774-65a58375db583-5a21a00c-1a57ebad {"name":"projects/activelink2026/locations/us-central1/operations/operation-1788184792774-65a58375db583-5a21a00c-1a57ebad","metadata":{"@type":"type.googleapis.com/google.cloud.functions.v2.OperationMetadata","createTime":"2026-08-31T13:59:53.334311312Z","target":"projects/activelink2026/locations/us-central1/functions/helloWorld","verb":"create","cancelRequested":false,"apiVersion":"v2","requestResource":{"@type":"type.googleapis.com/google.cloud.functions.v2.Function","name":"projects/activelink2026/locations/us-central1/functions/helloWorld","buildConfig":{"runtime":"nodejs20","entryPoint":"helloWorld","source":{"storageSource":{"bucket":"gcf-v2-sources-1067597927443-us-central1","object":"helloWorld/function-source.zip","generation":"1788184793060699"}},"environmentVariables":{"GOOGLE_NODE_RUN_SCRIPTS":""},"serviceAccount":"projects/activelink2026/serviceAccounts/1067597927443-compute@developer.gserviceaccount.com","automaticUpdatePolicy":{}},"serviceConfig":{"service":"projects/activelink2026/locations/us-central1/services/helloworld","timeoutSeconds":60,"environmentVariables":{"FIREBASE_CONFIG":"{\"projectId\":\"activelink2026\",\"storageBucket\":\"activelink2026.firebasestorage.app\"}","GCLOUD_PROJECT":"activelink2026","EVENTARC_CLOUD_EVENT_SOURCE":"projects/activelink2026/locations/us-central1/services/helloWorld","FUNCTION_REGION":"us-central1","FUNCTION_TARGET":"helloWorld","LOG_EXECUTION_ID":"true"},"ingressSettings":"ALLOW_ALL","serviceAccountEmail":"1067597927443-compute@developer.gserviceaccount.com","availableMemory":"256Mi","maxInstanceRequestConcurrency":80,"availableCpu":"1"},"labels":{"deployment-tool":"cli-firebase","firebase-functions-hash":"730ccd086e97353d5fcd3d029d3cd375859e744e"},"environment":"GEN_2"},"stages":[{"name":"BUILD","message":"Build in progress","state":"IN_PROGRESS","resource":"projects/1067597927443/locations/us-central1/builds/59f6e74a-fc56-49e8-8998-e89074ad9542","resourceUri":"https://console.cloud.google.com/cloud-build/builds;region=us-central1/59f6e74a-fc56-49e8-8998-e89074ad9542?project=1067597927443"},{"name":"SERVICE","state":"NOT_STARTED"}],"operationType":"CREATE_FUNCTION","buildName":"projects/1067597927443/locations/us-central1/builds/59f6e74a-fc56-49e8-8998-e89074ad9542"},"done":false}
[debug] [2026-08-31T14:00:33.597Z] [create-default-us-central1-helloWorld] Retrying task index 0
[debug] [2026-08-31T14:00:33.598Z] Checked if tokens are valid: true, expires at: 1788187582862
[debug] [2026-08-31T14:00:33.598Z] Checked if tokens are valid: true, expires at: 1788187582862
[debug] [2026-08-31T14:00:33.598Z] >>> [apiv2][query] GET https://cloudfunctions.googleapis.com/v2/projects/activelink2026/locations/us-central1/operations/operation-1788184792774-65a58375db583-5a21a00c-1a57ebad [none]
[debug] [2026-08-31T14:00:34.676Z] <<< [apiv2][status] GET https://cloudfunctions.googleapis.com/v2/projects/activelink2026/locations/us-central1/operations/operation-1788184792774-65a58375db583-5a21a00c-1a57ebad 200
[debug] [2026-08-31T14:00:34.676Z] <<< [apiv2][body] GET https://cloudfunctions.googleapis.com/v2/projects/activelink2026/locations/us-central1/operations/operation-1788184792774-65a58375db583-5a21a00c-1a57ebad {"name":"projects/activelink2026/locations/us-central1/operations/operation-1788184792774-65a58375db583-5a21a00c-1a57ebad","metadata":{"@type":"type.googleapis.com/google.cloud.functions.v2.OperationMetadata","createTime":"2026-08-31T13:59:53.334311312Z","endTime":"2026-08-31T14:00:24.480493349Z","target":"projects/activelink2026/locations/us-central1/functions/helloWorld","verb":"create","cancelRequested":false,"apiVersion":"v2","requestResource":{"@type":"type.googleapis.com/google.cloud.functions.v2.Function","name":"projects/activelink2026/locations/us-central1/functions/helloWorld","buildConfig":{"runtime":"nodejs20","entryPoint":"helloWorld","source":{"storageSource":{"bucket":"gcf-v2-sources-1067597927443-us-central1","object":"helloWorld/function-source.zip","generation":"1788184793060699"}},"environmentVariables":{"GOOGLE_NODE_RUN_SCRIPTS":""},"serviceAccount":"projects/activelink2026/serviceAccounts/1067597927443-compute@developer.gserviceaccount.com","automaticUpdatePolicy":{}},"serviceConfig":{"service":"projects/activelink2026/locations/us-central1/services/helloworld","timeoutSeconds":60,"environmentVariables":{"FIREBASE_CONFIG":"{\"projectId\":\"activelink2026\",\"storageBucket\":\"activelink2026.firebasestorage.app\"}","GCLOUD_PROJECT":"activelink2026","EVENTARC_CLOUD_EVENT_SOURCE":"projects/activelink2026/locations/us-central1/services/helloWorld","FUNCTION_REGION":"us-central1","FUNCTION_TARGET":"helloWorld","LOG_EXECUTION_ID":"true"},"ingressSettings":"ALLOW_ALL","serviceAccountEmail":"1067597927443-compute@developer.gserviceaccount.com","availableMemory":"256Mi","maxInstanceRequestConcurrency":80,"availableCpu":"1"},"labels":{"deployment-tool":"cli-firebase","firebase-functions-hash":"730ccd086e97353d5fcd3d029d3cd375859e744e"},"environment":"GEN_2"},"stages":[{"name":"ARTIFACT_REGISTRY","message":"Deleting function artifacts in Artifact Registry","state":"COMPLETE"},{"name":"SERVICE","message":"Deleting Cloud Run service","state":"COMPLETE","resource":"projects/activelink2026/locations/us-central1/services/helloworld"}],"operationType":"CREATE_FUNCTION"},"done":true,"error":{"code":13,"message":"Build failed with status: FAILURE and message: An unexpected error occurred. Refer to build logs: https://console.cloud.google.com/cloud-build/builds;region=us-central1/59f6e74a-fc56-49e8-8998-e89074ad9542?project=1067597927443. For more details see the logs at https://console.cloud.google.com/cloud-build/builds;region=us-central1/59f6e74a-fc56-49e8-8998-e89074ad9542?project=1067597927443."}}
[debug] [2026-08-31T14:00:34.676Z] Got source token undefined for region us-central1
[error] Build failed with status: FAILURE and message: An unexpected error occurred. Refer to build logs: https://console.cloud.google.com/cloud-build/builds;region=us-central1/59f6e74a-fc56-49e8-8998-e89074ad9542?project=1067597927443. For more details see the logs at https://console.cloud.google.com/cloud-build/builds;region=us-central1/59f6e74a-fc56-49e8-8998-e89074ad9542?project=1067597927443.
[warn] !  functions: Deploys failed. Skipping deletes. 
[debug] [2026-08-31T14:00:34.680Z] Total Function Deployment time: 42608
[debug] [2026-08-31T14:00:34.680Z] 1 Functions Deployed
[debug] [2026-08-31T14:00:34.680Z] 1 Functions Errored
[debug] [2026-08-31T14:00:34.680Z] 0 Function Deployments Aborted
[debug] [2026-08-31T14:00:34.680Z] Average Function Deployment time: 42607
[info] 
[info] Functions deploy had errors with the following functions:
	helloWorld(us-central1)
[debug] [2026-08-31T14:00:34.681Z] Not printing URL for HTTPS function. Typically this means it didn't match a filter or we failed deployment
[debug] [2026-08-31T14:00:34.682Z] Checked if tokens are valid: true, expires at: 1788187582862
[debug] [2026-08-31T14:00:34.682Z] Checked if tokens are valid: true, expires at: 1788187582862
[debug] [2026-08-31T14:00:34.682Z] >>> [apiv2][query] GET https://artifactregistry.googleapis.com/v1/projects/activelink2026/locations/us-central1/repositories/gcf-artifacts [none]
[debug] [2026-08-31T14:00:35.815Z] <<< [apiv2][status] GET https://artifactregistry.googleapis.com/v1/projects/activelink2026/locations/us-central1/repositories/gcf-artifacts 200
[debug] [2026-08-31T14:00:35.815Z] <<< [apiv2][body] GET https://artifactregistry.googleapis.com/v1/projects/activelink2026/locations/us-central1/repositories/gcf-artifacts {"name":"projects/activelink2026/locations/us-central1/repositories/gcf-artifacts","format":"DOCKER","description":"This repository is created and used by Cloud Functions for storing function docker images.","labels":{"goog-managed-by":"cloudfunctions"},"createTime":"2026-08-31T13:02:01.615786Z","updateTime":"2026-08-31T13:19:42.067005Z","mode":"STANDARD_REPOSITORY","cleanupPolicies":{"firebase-functions-cleanup":{"id":"firebase-functions-cleanup","action":"DELETE","condition":{"tagState":"ANY","olderThan":"86400s"}}},"vulnerabilityScanningConfig":{"lastEnableTime":"2026-08-31T13:01:52.490359260Z","enablementState":"SCANNING_DISABLED","enablementStateReason":"API containerscanning.googleapis.com is not enabled."},"satisfiesPzi":true,"registryUri":"us-central1-docker.pkg.dev/activelink2026/gcf-artifacts"}
[debug] [2026-08-31T14:00:35.815Z] Functions deploy failed.
[debug] [2026-08-31T14:00:35.816Z] {
  "endpoint": {
    "id": "helloWorld",
    "project": "activelink2026",
    "region": "us-central1",
    "entryPoint": "helloWorld",
    "platform": "gcfv2",
    "runtime": "nodejs20",
    "httpsTrigger": {},
    "labels": {
      "deployment-tool": "cli-firebase"
    },
    "serviceAccount": null,
    "ingressSettings": null,
    "availableMemoryMb": null,
    "timeoutSeconds": null,
    "maxInstances": null,
    "minInstances": null,
    "concurrency": 80,
    "vpc": null,
    "environmentVariables": {
      "FIREBASE_CONFIG": "{\"projectId\":\"activelink2026\",\"storageBucket\":\"activelink2026.firebasestorage.app\"}",
      "GCLOUD_PROJECT": "activelink2026",
      "EVENTARC_CLOUD_EVENT_SOURCE": "projects/activelink2026/locations/us-central1/services/helloWorld",
      "FUNCTION_REGION": "us-central1"
    },
    "codebase": "default",
    "cpu": 1,
    "targetedByOnly": false,
    "hash": "730ccd086e97353d5fcd3d029d3cd375859e744e"
  },
  "op": "create",
  "original": {
    "name": "FirebaseError",
    "children": [],
    "exit": 1,
    "message": "Build failed with status: FAILURE and message: An unexpected error occurred. Refer to build logs: https://console.cloud.google.com/cloud-build/builds;region=us-central1/59f6e74a-fc56-49e8-8998-e89074ad9542?project=1067597927443. For more details see the logs at https://console.cloud.google.com/cloud-build/builds;region=us-central1/59f6e74a-fc56-49e8-8998-e89074ad9542?project=1067597927443.",
    "original": {
      "code": 13,
      "message": "Build failed with status: FAILURE and message: An unexpected error occurred. Refer to build logs: https://console.cloud.google.com/cloud-build/builds;region=us-central1/59f6e74a-fc56-49e8-8998-e89074ad9542?project=1067597927443. For more details see the logs at https://console.cloud.google.com/cloud-build/builds;region=us-central1/59f6e74a-fc56-49e8-8998-e89074ad9542?project=1067597927443."
    },
    "status": 13,
    "code": 13
  }
}
[debug] [2026-08-31T14:00:35.817Z] Error: Failed to create function helloWorld in region us-central1
    at C:\Users\Omar\AppData\Roaming\npm\node_modules\firebase-tools\lib\deploy\functions\release\fabricator.js:452:27
    at process.processTicksAndRejections (node:internal/process/task_queues:103:5)
    at async Fabricator.createV2Function (C:\Users\Omar\AppData\Roaming\npm\node_modules\firebase-tools\lib\deploy\functions\release\fabricator.js:431:30)
    at async Fabricator.createEndpoint (C:\Users\Omar\AppData\Roaming\npm\node_modules\firebase-tools\lib\deploy\functions\release\fabricator.js:273:13)
    at async Fabricator.wrapOperation (C:\Users\Omar\AppData\Roaming\npm\node_modules\firebase-tools\lib\deploy\functions\release\fabricator.js:258:13)
    at async Promise.all (index 0)
    at async Promise.allSettled (index 0)
    at async Fabricator.applyPlan (C:\Users\Omar\AppData\Roaming\npm\node_modules\firebase-tools\lib\deploy\functions\release\fabricator.js:175:45)
    at async release (C:\Users\Omar\AppData\Roaming\npm\node_modules\firebase-tools\lib\deploy\functions\release\index.js:89:21)
    at async chain (C:\Users\Omar\AppData\Roaming\npm\node_modules\firebase-tools\lib\deploy\index.js:114:9)
[error] 
[error] Error: There was an error deploying functions
[debug] [2026-08-31T14:01:08.625Z] ----------------------------------------------------------------------
[debug] [2026-08-31T14:01:08.627Z] Command:       C:\Program Files\nodejs\node.exe C:\Users\Omar\AppData\Roaming\npm\node_modules\firebase-tools\lib\bin\firebase.js deploy --only functions --force
[debug] [2026-08-31T14:01:08.627Z] CLI Version:   15.28.2
[debug] [2026-08-31T14:01:08.628Z] Platform:      win32
[debug] [2026-08-31T14:01:08.628Z] Node Version:  v24.13.0
[debug] [2026-08-31T14:01:08.628Z] Detected Agent: antigravity
[debug] [2026-08-31T14:01:08.628Z] Time:          Mon Aug 31 2026 17:01:08 GMT+0300 (Eastern European Summer Time)
[debug] [2026-08-31T14:01:08.628Z] ----------------------------------------------------------------------
[debug] 
[debug] [2026-08-31T14:01:09.889Z] > command requires scopes: ["email","openid","https://www.googleapis.com/auth/cloudplatformprojects.readonly","https://www.googleapis.com/auth/firebase","https://www.googleapis.com/auth/cloud-platform"]
[debug] [2026-08-31T14:01:09.889Z] > authorizing via signed-in user (des@cbrand.sa)
[debug] [2026-08-31T14:01:09.889Z] [iam] checking project activelink2026 for permissions ["cloudfunctions.functions.create","cloudfunctions.functions.delete","cloudfunctions.functions.get","cloudfunctions.functions.list","cloudfunctions.functions.update","cloudfunctions.operations.get","firebase.projects.get"]
[debug] [2026-08-31T14:01:09.901Z] Checked if tokens are valid: true, expires at: 1788187582862
[debug] [2026-08-31T14:01:09.901Z] Checked if tokens are valid: true, expires at: 1788187582862
[debug] [2026-08-31T14:01:09.902Z] >>> [apiv2][query] POST https://cloudresourcemanager.googleapis.com/v1/projects/activelink2026:testIamPermissions [none]
[debug] [2026-08-31T14:01:09.902Z] >>> [apiv2][(partial)header] POST https://cloudresourcemanager.googleapis.com/v1/projects/activelink2026:testIamPermissions  x-goog-user-project=activelink2026
[debug] [2026-08-31T14:01:09.902Z] >>> [apiv2][body] POST https://cloudresourcemanager.googleapis.com/v1/projects/activelink2026:testIamPermissions {"permissions":["cloudfunctions.functions.create","cloudfunctions.functions.delete","cloudfunctions.functions.get","cloudfunctions.functions.list","cloudfunctions.functions.update","cloudfunctions.operations.get","firebase.projects.get"]}
[debug] [2026-08-31T14:01:10.824Z] <<< [apiv2][status] POST https://cloudresourcemanager.googleapis.com/v1/projects/activelink2026:testIamPermissions 200
[debug] [2026-08-31T14:01:10.824Z] <<< [apiv2][body] POST https://cloudresourcemanager.googleapis.com/v1/projects/activelink2026:testIamPermissions {"permissions":["cloudfunctions.functions.create","cloudfunctions.functions.delete","cloudfunctions.functions.get","cloudfunctions.functions.list","cloudfunctions.functions.update","cloudfunctions.operations.get","firebase.projects.get"]}
[debug] [2026-08-31T14:01:10.824Z] Checked if tokens are valid: true, expires at: 1788187582862
[debug] [2026-08-31T14:01:10.824Z] Checked if tokens are valid: true, expires at: 1788187582862
[debug] [2026-08-31T14:01:10.824Z] >>> [apiv2][query] POST https://iam.googleapis.com/v1/projects/activelink2026/serviceAccounts/activelink2026@appspot.gserviceaccount.com:testIamPermissions [none]
[debug] [2026-08-31T14:01:10.824Z] >>> [apiv2][body] POST https://iam.googleapis.com/v1/projects/activelink2026/serviceAccounts/activelink2026@appspot.gserviceaccount.com:testIamPermissions {"permissions":["iam.serviceAccounts.actAs"]}
[debug] [2026-08-31T14:01:11.741Z] <<< [apiv2][status] POST https://iam.googleapis.com/v1/projects/activelink2026/serviceAccounts/activelink2026@appspot.gserviceaccount.com:testIamPermissions 200
[debug] [2026-08-31T14:01:11.741Z] <<< [apiv2][body] POST https://iam.googleapis.com/v1/projects/activelink2026/serviceAccounts/activelink2026@appspot.gserviceaccount.com:testIamPermissions {"permissions":["iam.serviceAccounts.actAs"]}
[info] 
[info] === Deploying to 'activelink2026'...
[info] 
[info] i  deploying functions 
[info] Running command: npm --prefix "$RESOURCE_DIR" run build
[info] +  functions: Finished running predeploy script. 
[debug] [2026-08-31T14:01:15.288Z] Checked if tokens are valid: true, expires at: 1788187582862
[debug] [2026-08-31T14:01:15.288Z] Checked if tokens are valid: true, expires at: 1788187582862
[debug] [2026-08-31T14:01:15.288Z] >>> [apiv2][query] GET https://cloudresourcemanager.googleapis.com/v1/projects/activelink2026 [none]
[debug] [2026-08-31T14:01:16.150Z] <<< [apiv2][status] GET https://cloudresourcemanager.googleapis.com/v1/projects/activelink2026 200
[debug] [2026-08-31T14:01:16.150Z] <<< [apiv2][body] GET https://cloudresourcemanager.googleapis.com/v1/projects/activelink2026 {"projectNumber":"1067597927443","projectId":"activelink2026","lifecycleState":"ACTIVE","name":"Activelink","labels":{"firebase":"enabled","firebase-core":"disabled"},"createTime":"2026-05-11T19:30:30.892Z","parent":{"type":"organization","id":"473761606451"}}
[info] i  functions: preparing codebase default for deployment 
[info] i  functions: ensuring required API cloudfunctions.googleapis.com is enabled... 
[info] i  functions: ensuring required API cloudbuild.googleapis.com is enabled... 
[info] i  artifactregistry: ensuring required API artifactregistry.googleapis.com is enabled... 
[debug] [2026-08-31T14:01:16.157Z] Checked if tokens are valid: true, expires at: 1788187582862
[debug] [2026-08-31T14:01:16.157Z] Checked if tokens are valid: true, expires at: 1788187582862
[debug] [2026-08-31T14:01:16.157Z] >>> [apiv2][query] GET https://firebase.googleapis.com/v1beta1/projects/activelink2026/adminSdkConfig [none]
[debug] [2026-08-31T14:01:16.770Z] <<< [apiv2][status] GET https://firebase.googleapis.com/v1beta1/projects/activelink2026/adminSdkConfig 200
[debug] [2026-08-31T14:01:16.770Z] <<< [apiv2][body] GET https://firebase.googleapis.com/v1beta1/projects/activelink2026/adminSdkConfig {"projectId":"activelink2026","storageBucket":"activelink2026.firebasestorage.app"}
[debug] [2026-08-31T14:01:16.772Z] Validating nodejs source
[debug] [2026-08-31T14:01:18.000Z] > [functions] package.json contents: {
  "name": "functions",
  "scripts": {
    "lint": "eslint .",
    "build": "tsc",
    "build:watch": "tsc --watch",
    "serve": "npm run build && firebase emulators:start --only functions",
    "shell": "npm run build && firebase functions:shell",
    "start": "npm run shell",
    "deploy": "firebase deploy --only functions",
    "logs": "firebase functions:log"
  },
  "engines": {
    "node": "22"
  },
  "main": "lib/index.js",
  "dependencies": {
    "firebase-admin": "^13.6.0",
    "firebase-functions": "^7.0.0"
  },
  "devDependencies": {
    "@typescript-eslint/eslint-plugin": "^5.12.0",
    "@typescript-eslint/parser": "^5.12.0",
    "eslint": "^8.9.0",
    "eslint-config-google": "^0.14.0",
    "eslint-plugin-import": "^2.25.4",
    "firebase-functions-test": "^3.4.1",
    "typescript": "^6.0.0"
  },
  "private": true
}
[debug] [2026-08-31T14:01:18.000Z] Building nodejs source
[info] i  functions: Loading and analyzing source code for codebase default to determine what to deploy 
[debug] [2026-08-31T14:01:18.002Z] Could not find functions.yaml. Must use http discovery
[debug] [2026-08-31T14:01:18.018Z] Found firebase-functions binary at 'C:\Users\Omar\THINK\Front\activenext\functions\node_modules\.bin\firebase-functions'
[info] Serving at port 8525

[debug] [2026-08-31T14:01:18.543Z] Got response from /__/functions.yaml {"endpoints":{"onOfferCreatedTrigger":{"availableMemoryMb":null,"timeoutSeconds":null,"minInstances":null,"maxInstances":null,"ingressSettings":null,"concurrency":null,"serviceAccountEmail":null,"vpc":null,"platform":"gcfv2","labels":{},"eventTrigger":{"eventType":"google.cloud.firestore.document.v1.created","eventFilters":{"database":"(default)","namespace":"(default)"},"eventFilterPathPatterns":{"document":"offers/{offerId}"},"retry":false},"entryPoint":"onOfferCreatedTrigger"},"verifyOfferOtp":{"availableMemoryMb":null,"timeoutSeconds":null,"minInstances":null,"maxInstances":null,"ingressSettings":null,"concurrency":null,"serviceAccountEmail":null,"vpc":null,"platform":"gcfv2","labels":{},"callableTrigger":{},"entryPoint":"verifyOfferOtp"},"onOfferAcceptedTrigger":{"availableMemoryMb":null,"timeoutSeconds":null,"minInstances":null,"maxInstances":null,"ingressSettings":null,"concurrency":null,"serviceAccountEmail":null,"vpc":null,"platform":"gcfv2","labels":{},"eventTrigger":{"eventType":"google.cloud.firestore.document.v1.updated","eventFilters":{"database":"(default)","namespace":"(default)"},"eventFilterPathPatterns":{"document":"offers/{offerId}"},"retry":false},"entryPoint":"onOfferAcceptedTrigger"}},"specVersion":"v1alpha1","requiredAPIs":[],"extensions":{}}
[debug] [2026-08-31T14:01:21.580Z] Checked if tokens are valid: true, expires at: 1788187582862
[debug] [2026-08-31T14:01:21.580Z] Checked if tokens are valid: true, expires at: 1788187582862
[debug] [2026-08-31T14:01:21.580Z] >>> [apiv2][query] GET https://cloudfunctions.googleapis.com/v1/projects/activelink2026/locations/-/functions [none]
[debug] [2026-08-31T14:01:22.268Z] <<< [apiv2][status] GET https://cloudfunctions.googleapis.com/v1/projects/activelink2026/locations/-/functions 200
[debug] [2026-08-31T14:01:22.268Z] <<< [apiv2][body] GET https://cloudfunctions.googleapis.com/v1/projects/activelink2026/locations/-/functions {}
[debug] [2026-08-31T14:01:22.268Z] Checked if tokens are valid: true, expires at: 1788187582862
[debug] [2026-08-31T14:01:22.268Z] Checked if tokens are valid: true, expires at: 1788187582862
[debug] [2026-08-31T14:01:22.268Z] >>> [apiv2][query] GET https://cloudfunctions.googleapis.com/v2/projects/activelink2026/locations/-/functions filter=environment%3D%22GEN_2%22
[debug] [2026-08-31T14:01:23.328Z] <<< [apiv2][status] GET https://cloudfunctions.googleapis.com/v2/projects/activelink2026/locations/-/functions 200
[debug] [2026-08-31T14:01:23.328Z] <<< [apiv2][body] GET https://cloudfunctions.googleapis.com/v2/projects/activelink2026/locations/-/functions {"functions":[{"name":"projects/activelink2026/locations/us-central1/functions/onOfferAccepted","buildConfig":{"build":"projects/1067597927443/locations/us-central1/builds/1f767fc9-fef9-4ee1-8a87-4269d3547ff1","runtime":"nodejs20","entryPoint":"onOfferAccepted","source":{"storageSource":{"bucket":"gcf-v2-sources-1067597927443-us-central1","object":"onOfferAccepted/function-source.zip","generation":"1788183720809094"}},"environmentVariables":{"GOOGLE_NODE_RUN_SCRIPTS":""},"dockerRepository":"projects/activelink2026/locations/us-central1/repositories/gcf-artifacts","sourceProvenance":{"resolvedStorageSource":{"bucket":"gcf-v2-sources-1067597927443-us-central1","object":"onOfferAccepted/function-source.zip","generation":"1788183720809094"}},"dockerRegistry":"ARTIFACT_REGISTRY","serviceAccount":"projects/activelink2026/serviceAccounts/1067597927443-compute@developer.gserviceaccount.com","automaticUpdatePolicy":{}},"state":"FAILED","updateTime":"2026-08-31T13:42:38.111387461Z","labels":{"firebase-functions-hash":"e69109180e7c5798aeba58802a53fdcbc861a287","deployment-tool":"cli-firebase"},"stateMessages":[{"severity":"ERROR","type":"CloudRunServiceNotFound","message":"Cloud Run service projects/activelink2026/locations/us-central1/services/onofferaccepted for the function was not found. The function will not work correctly. Please redeploy."},{"severity":"ERROR","type":"EventarcTriggerNotFound","message":"Eventarc trigger projects/activelink2026/locations/nam5/triggers/onofferaccepted-804324 for the function was not found. The function may not work correctly. Please redeploy."}],"environment":"GEN_2","url":"https://us-central1-activelink2026.cloudfunctions.net/onOfferAccepted","createTime":"2026-08-31T13:42:01.808611581Z","satisfiesPzi":true},{"name":"projects/activelink2026/locations/us-central1/functions/verifyOfferOtp","buildConfig":{"build":"projects/1067597927443/locations/us-central1/builds/ec20ce7a-3bbb-4ccd-8d3d-42a6c1e074c7","runtime":"nodejs20","entryPoint":"verifyOfferOtp","source":{"storageSource":{"bucket":"gcf-v2-sources-1067597927443-us-central1","object":"verifyOfferOtp/function-source.zip","generation":"1788183720887462"}},"environmentVariables":{"GOOGLE_NODE_RUN_SCRIPTS":""},"dockerRepository":"projects/activelink2026/locations/us-central1/repositories/gcf-artifacts","sourceProvenance":{"resolvedStorageSource":{"bucket":"gcf-v2-sources-1067597927443-us-central1","object":"verifyOfferOtp/function-source.zip","generation":"1788183720887462"}},"dockerRegistry":"ARTIFACT_REGISTRY","serviceAccount":"projects/activelink2026/serviceAccounts/1067597927443-compute@developer.gserviceaccount.com","automaticUpdatePolicy":{}},"state":"UNKNOWN","updateTime":"2026-08-31T13:57:16.825191446Z","labels":{"deployment-tool":"cli-firebase","deployment-callable":"true","firebase-functions-hash":"385dbd006fbbedb810319467ef78d52e623aff21"},"stateMessages":[{"severity":"ERROR","type":"CloudRunServiceNotFound","message":"Cloud Run service projects/activelink2026/locations/us-central1/services/verifyofferotp for the function was not found. The function will not work correctly. Please redeploy."}],"environment":"GEN_2","url":"https://us-central1-activelink2026.cloudfunctions.net/verifyOfferOtp","createTime":"2026-08-31T13:42:01.168239088Z","satisfiesPzi":true},{"name":"projects/activelink2026/locations/us-central1/functions/onOfferCreated","buildConfig":{"build":"projects/1067597927443/locations/us-central1/builds/b6cfeb4a-ac4b-46d4-895f-82b0a232dcc4","runtime":"nodejs20","entryPoint":"onOfferCreated","source":{"storageSource":{"bucket":"gcf-v2-sources-1067597927443-us-central1","object":"onOfferCreated/function-source.zip","generation":"1788183675662564"}},"environmentVariables":{"GOOGLE_NODE_RUN_SCRIPTS":""},"dockerRepository":"projects/activelink2026/locations/us-central1/repositories/gcf-artifacts","sourceProvenance":{"resolvedStorageSource":{"bucket":"gcf-v2-sources-1067597927443-us-central1","object":"onOfferCreated/function-source.zip","generation":"1788183675662564"}},"dockerRegistry":"ARTIFACT_REGISTRY","serviceAccount":"projects/activelink2026/serviceAccounts/1067597927443-compute@developer.gserviceaccount.com","automaticUpdatePolicy":{}},"state":"FAILED","updateTime":"2026-08-31T13:41:50.290897317Z","labels":{"deployment-tool":"cli-firebase","firebase-functions-hash":"e69109180e7c5798aeba58802a53fdcbc861a287"},"stateMessages":[{"severity":"ERROR","type":"CloudRunServiceNotFound","message":"Cloud Run service projects/activelink2026/locations/us-central1/services/onoffercreated for the function was not found. The function will not work correctly. Please redeploy."},{"severity":"ERROR","type":"EventarcTriggerNotFound","message":"Eventarc trigger projects/activelink2026/locations/nam5/triggers/onoffercreated-729725 for the function was not found. The function may not work correctly. Please redeploy."}],"environment":"GEN_2","url":"https://us-central1-activelink2026.cloudfunctions.net/onOfferCreated","createTime":"2026-08-31T13:41:16.716215961Z","satisfiesPzi":true},{"name":"projects/activelink2026/locations/us-central1/functions/helloWorld","buildConfig":{"build":"projects/1067597927443/locations/us-central1/builds/59f6e74a-fc56-49e8-8998-e89074ad9542","runtime":"nodejs20","entryPoint":"helloWorld","source":{"storageSource":{"bucket":"gcf-v2-sources-1067597927443-us-central1","object":"helloWorld/function-source.zip","generation":"1788184793060699"}},"environmentVariables":{"GOOGLE_NODE_RUN_SCRIPTS":""},"dockerRepository":"projects/activelink2026/locations/us-central1/repositories/gcf-artifacts","sourceProvenance":{"resolvedStorageSource":{"bucket":"gcf-v2-sources-1067597927443-us-central1","object":"helloWorld/function-source.zip","generation":"1788184793060699"}},"dockerRegistry":"ARTIFACT_REGISTRY","serviceAccount":"projects/activelink2026/serviceAccounts/1067597927443-compute@developer.gserviceaccount.com","automaticUpdatePolicy":{}},"state":"FAILED","updateTime":"2026-08-31T14:00:24.488454895Z","labels":{"deployment-tool":"cli-firebase","firebase-functions-hash":"730ccd086e97353d5fcd3d029d3cd375859e744e"},"stateMessages":[{"severity":"ERROR","type":"CloudRunServiceNotFound","message":"Cloud Run service projects/activelink2026/locations/us-central1/services/helloworld for the function was not found. The function will not work correctly. Please redeploy."}],"environment":"GEN_2","url":"https://us-central1-activelink2026.cloudfunctions.net/helloWorld","createTime":"2026-08-31T13:59:53.330226646Z","satisfiesPzi":true}]}
[info] i  extensions: ensuring required API firebaseextensions.googleapis.com is enabled... 
[debug] [2026-08-31T14:01:23.330Z] > command requires scopes: ["email","openid","https://www.googleapis.com/auth/cloudplatformprojects.readonly","https://www.googleapis.com/auth/firebase","https://www.googleapis.com/auth/cloud-platform"]
[debug] [2026-08-31T14:01:23.331Z] > authorizing via signed-in user (des@cbrand.sa)
[debug] [2026-08-31T14:01:23.331Z] [iam] checking project activelink2026 for permissions ["firebase.projects.get","firebaseextensions.instances.list"]
[debug] [2026-08-31T14:01:23.331Z] Checked if tokens are valid: true, expires at: 1788187582862
[debug] [2026-08-31T14:01:23.331Z] Checked if tokens are valid: true, expires at: 1788187582862
[debug] [2026-08-31T14:01:23.331Z] >>> [apiv2][query] POST https://cloudresourcemanager.googleapis.com/v1/projects/activelink2026:testIamPermissions [none]
[debug] [2026-08-31T14:01:23.331Z] >>> [apiv2][(partial)header] POST https://cloudresourcemanager.googleapis.com/v1/projects/activelink2026:testIamPermissions  x-goog-user-project=activelink2026
[debug] [2026-08-31T14:01:23.331Z] >>> [apiv2][body] POST https://cloudresourcemanager.googleapis.com/v1/projects/activelink2026:testIamPermissions {"permissions":["firebase.projects.get","firebaseextensions.instances.list"]}
[debug] [2026-08-31T14:01:24.154Z] <<< [apiv2][status] POST https://cloudresourcemanager.googleapis.com/v1/projects/activelink2026:testIamPermissions 200
[debug] [2026-08-31T14:01:24.154Z] <<< [apiv2][body] POST https://cloudresourcemanager.googleapis.com/v1/projects/activelink2026:testIamPermissions {"permissions":["firebase.projects.get","firebaseextensions.instances.list"]}
[debug] [2026-08-31T14:01:24.154Z] Checked if tokens are valid: true, expires at: 1788187582862
[debug] [2026-08-31T14:01:24.154Z] Checked if tokens are valid: true, expires at: 1788187582862
[debug] [2026-08-31T14:01:24.154Z] >>> [apiv2][query] GET https://firebaseextensions.googleapis.com/v1beta/projects/activelink2026/instances pageSize=100&pageToken=
[debug] [2026-08-31T14:01:25.180Z] <<< [apiv2][status] GET https://firebaseextensions.googleapis.com/v1beta/projects/activelink2026/instances 200
[debug] [2026-08-31T14:01:25.180Z] <<< [apiv2][body] GET https://firebaseextensions.googleapis.com/v1beta/projects/activelink2026/instances {}
[debug] [2026-08-31T14:01:25.181Z] Checked if tokens are valid: true, expires at: 1788187582862
[debug] [2026-08-31T14:01:25.181Z] Checked if tokens are valid: true, expires at: 1788187582862
[debug] [2026-08-31T14:01:25.181Z] >>> [apiv2][query] GET https://firestore.googleapis.com/v1/projects/activelink2026/databases/(default) [none]
[debug] [2026-08-31T14:01:26.128Z] <<< [apiv2][status] GET https://firestore.googleapis.com/v1/projects/activelink2026/databases/(default) 200
[debug] [2026-08-31T14:01:26.128Z] <<< [apiv2][body] GET https://firestore.googleapis.com/v1/projects/activelink2026/databases/(default) {"name":"projects/activelink2026/databases/(default)","uid":"fa445095-e69b-45a8-a260-e183123cb79a","createTime":"2026-05-11T19:46:55.822522Z","updateTime":"2026-05-11T19:46:55.822522Z","locationId":"nam5","type":"FIRESTORE_NATIVE","concurrencyMode":"PESSIMISTIC","versionRetentionPeriod":"3600s","earliestVersionTime":"2026-08-31T13:01:26.079553Z","appEngineIntegrationMode":"DISABLED","keyPrefix":"s","pointInTimeRecoveryEnablement":"POINT_IN_TIME_RECOVERY_DISABLED","deleteProtectionState":"DELETE_PROTECTION_DISABLED","databaseEdition":"STANDARD","freeTier":true,"realtimeUpdatesMode":"REALTIME_UPDATES_MODE_ENABLED","enhancedTextSearchQueryMode":"ENHANCED_QUERY_MODE_ENABLED","etag":"ILXateeDy5YDMIrskYWBspQD"}
[debug] [2026-08-31T14:01:26.129Z] Attempting to merge .env secret bindings {} into declared secrets...)}
[debug] [2026-08-31T14:01:26.129Z] onOfferCreatedTrigger declared secrets: undefined
[debug] [2026-08-31T14:01:26.129Z] verifyOfferOtp declared secrets: undefined
[debug] [2026-08-31T14:01:26.129Z] onOfferAcceptedTrigger declared secrets: undefined
[info] i  functions: preparing functions directory for uploading... 
[info] i  functions: packaged C:\Users\Omar\THINK\Front\activenext\functions (12.9 KB) for uploading 
[info] i  functions: ensuring required API run.googleapis.com is enabled... 
[info] i  functions: ensuring required API eventarc.googleapis.com is enabled... 
[info] i  functions: ensuring required API pubsub.googleapis.com is enabled... 
[info] i  functions: ensuring required API storage.googleapis.com is enabled... 
[info] i  functions: generating the service identity for pubsub.googleapis.com... 
[debug] [2026-08-31T14:01:26.179Z] Checked if tokens are valid: true, expires at: 1788187582862
[debug] [2026-08-31T14:01:26.179Z] Checked if tokens are valid: true, expires at: 1788187582862
[info] i  functions: generating the service identity for eventarc.googleapis.com... 
[debug] [2026-08-31T14:01:26.179Z] Checked if tokens are valid: true, expires at: 1788187582862
[debug] [2026-08-31T14:01:26.179Z] Checked if tokens are valid: true, expires at: 1788187582862
[debug] [2026-08-31T14:01:26.179Z] >>> [apiv2][query] POST https://serviceusage.googleapis.com/v1beta1/projects/1067597927443/services/pubsub.googleapis.com:generateServiceIdentity [none]
[debug] [2026-08-31T14:01:26.179Z] >>> [apiv2][(partial)header] POST https://serviceusage.googleapis.com/v1beta1/projects/1067597927443/services/pubsub.googleapis.com:generateServiceIdentity  x-goog-user-project=1067597927443
[debug] [2026-08-31T14:01:26.179Z] >>> [apiv2][body] POST https://serviceusage.googleapis.com/v1beta1/projects/1067597927443/services/pubsub.googleapis.com:generateServiceIdentity {}
[debug] [2026-08-31T14:01:26.179Z] >>> [apiv2][query] POST https://serviceusage.googleapis.com/v1beta1/projects/1067597927443/services/eventarc.googleapis.com:generateServiceIdentity [none]
[debug] [2026-08-31T14:01:26.180Z] >>> [apiv2][(partial)header] POST https://serviceusage.googleapis.com/v1beta1/projects/1067597927443/services/eventarc.googleapis.com:generateServiceIdentity  x-goog-user-project=1067597927443
[debug] [2026-08-31T14:01:26.180Z] >>> [apiv2][body] POST https://serviceusage.googleapis.com/v1beta1/projects/1067597927443/services/eventarc.googleapis.com:generateServiceIdentity {}
[debug] [2026-08-31T14:01:27.272Z] <<< [apiv2][status] POST https://serviceusage.googleapis.com/v1beta1/projects/1067597927443/services/eventarc.googleapis.com:generateServiceIdentity 200
[debug] [2026-08-31T14:01:27.272Z] <<< [apiv2][body] POST https://serviceusage.googleapis.com/v1beta1/projects/1067597927443/services/eventarc.googleapis.com:generateServiceIdentity {"name":"operations/finished.DONE_OPERATION","done":true,"response":{"@type":"type.googleapis.com/google.api.serviceusage.v1beta1.ServiceIdentity","email":"service-1067597927443@gcp-sa-eventarc.iam.gserviceaccount.com","uniqueId":"111938911303379516477"}}
[debug] [2026-08-31T14:01:27.293Z] <<< [apiv2][status] POST https://serviceusage.googleapis.com/v1beta1/projects/1067597927443/services/pubsub.googleapis.com:generateServiceIdentity 200
[debug] [2026-08-31T14:01:27.293Z] <<< [apiv2][body] POST https://serviceusage.googleapis.com/v1beta1/projects/1067597927443/services/pubsub.googleapis.com:generateServiceIdentity {"name":"operations/finished.DONE_OPERATION","done":true,"response":{"@type":"type.googleapis.com/google.api.serviceusage.v1beta1.ServiceIdentity","email":"service-1067597927443@gcp-sa-pubsub.iam.gserviceaccount.com","uniqueId":"114745569650766250868"}}
[debug] [2026-08-31T14:01:27.295Z] Checked if tokens are valid: true, expires at: 1788187582862
[debug] [2026-08-31T14:01:27.295Z] Checked if tokens are valid: true, expires at: 1788187582862
[debug] [2026-08-31T14:01:27.295Z] >>> [apiv2][query] GET https://compute.googleapis.com/compute/v1/projects/1067597927443 [none]
[debug] [2026-08-31T14:01:27.730Z] <<< [apiv2][status] GET https://compute.googleapis.com/compute/v1/projects/1067597927443 403
[debug] [2026-08-31T14:01:27.730Z] <<< [apiv2][body] GET https://compute.googleapis.com/compute/v1/projects/1067597927443 {"error":{"code":403,"message":"Compute Engine API has not been used in project 1067597927443 before or it is disabled. Enable it by visiting https://console.developers.google.com/apis/api/compute.googleapis.com/overview?project=1067597927443 then retry. If you enabled this API recently, wait a few minutes for the action to propagate to our systems and retry.","errors":[{"message":"Compute Engine API has not been used in project 1067597927443 before or it is disabled. Enable it by visiting https://console.developers.google.com/apis/api/compute.googleapis.com/overview?project=1067597927443 then retry. If you enabled this API recently, wait a few minutes for the action to propagate to our systems and retry.","domain":"usageLimits","reason":"accessNotConfigured","extendedHelp":"https://console.developers.google.com"}],"status":"PERMISSION_DENIED","details":[{"@type":"type.googleapis.com/google.rpc.ErrorInfo","reason":"SERVICE_DISABLED","domain":"googleapis.com","metadata":{"activationUrl":"https://console.developers.google.com/apis/api/compute.googleapis.com/overview?project=1067597927443","serviceTitle":"Compute Engine API","containerInfo":"1067597927443","service":"compute.googleapis.com","consumer":"projects/1067597927443"}},{"@type":"type.googleapis.com/google.rpc.LocalizedMessage","locale":"en-US","message":"Compute Engine API has not been used in project 1067597927443 before or it is disabled. Enable it by visiting https://console.developers.google.com/apis/api/compute.googleapis.com/overview?project=1067597927443 then retry. If you enabled this API recently, wait a few minutes for the action to propagate to our systems and retry."},{"@type":"type.googleapis.com/google.rpc.Help","links":[{"description":"Google developers console API activation","url":"https://console.developers.google.com/apis/api/compute.googleapis.com/overview?project=1067597927443"}]}]}}
[debug] [2026-08-31T14:01:27.730Z] unable to look up default compute service account. Falling back to 1067597927443-compute@developer.gserviceaccount.com. Error: {"name":"FirebaseError","children":[],"context":{"body":{"error":{"code":403,"message":"Compute Engine API has not been used in project 1067597927443 before or it is disabled. Enable it by visiting https://console.developers.google.com/apis/api/compute.googleapis.com/overview?project=1067597927443 then retry. If you enabled this API recently, wait a few minutes for the action to propagate to our systems and retry.","errors":[{"message":"Compute Engine API has not been used in project 1067597927443 before or it is disabled. Enable it by visiting https://console.developers.google.com/apis/api/compute.googleapis.com/overview?project=1067597927443 then retry. If you enabled this API recently, wait a few minutes for the action to propagate to our systems and retry.","domain":"usageLimits","reason":"accessNotConfigured","extendedHelp":"https://console.developers.google.com"}],"status":"PERMISSION_DENIED","details":[{"@type":"type.googleapis.com/google.rpc.ErrorInfo","reason":"SERVICE_DISABLED","domain":"googleapis.com","metadata":{"activationUrl":"https://console.developers.google.com/apis/api/compute.googleapis.com/overview?project=1067597927443","serviceTitle":"Compute Engine API","containerInfo":"1067597927443","service":"compute.googleapis.com","consumer":"projects/1067597927443"}},{"@type":"type.googleapis.com/google.rpc.LocalizedMessage","locale":"en-US","message":"Compute Engine API has not been used in project 1067597927443 before or it is disabled. Enable it by visiting https://console.developers.google.com/apis/api/compute.googleapis.com/overview?project=1067597927443 then retry. If you enabled this API recently, wait a few minutes for the action to propagate to our systems and retry."},{"@type":"type.googleapis.com/google.rpc.Help","links":[{"description":"Google developers console API activation","url":"https://console.developers.google.com/apis/api/compute.googleapis.com/overview?project=1067597927443"}]}]}},"response":{"statusCode":403}},"exit":1,"message":"Request to https://compute.googleapis.com/compute/v1/projects/1067597927443 had HTTP Error: 403, Compute Engine API has not been used in project 1067597927443 before or it is disabled. Enable it by visiting https://console.developers.google.com/apis/api/compute.googleapis.com/overview?project=1067597927443 then retry. If you enabled this API recently, wait a few minutes for the action to propagate to our systems and retry.","status":403}
[debug] [2026-08-31T14:01:27.731Z] Checked if tokens are valid: true, expires at: 1788187582862
[debug] [2026-08-31T14:01:27.731Z] Checked if tokens are valid: true, expires at: 1788187582862
[debug] [2026-08-31T14:01:27.731Z] >>> [apiv2][query] POST https://cloudresourcemanager.googleapis.com/v1/projects/1067597927443:getIamPolicy [none]
[debug] [2026-08-31T14:01:28.118Z] <<< [apiv2][status] POST https://cloudresourcemanager.googleapis.com/v1/projects/1067597927443:getIamPolicy 200
[debug] [2026-08-31T14:01:28.118Z] <<< [apiv2][body] POST https://cloudresourcemanager.googleapis.com/v1/projects/1067597927443:getIamPolicy {"version":1,"etag":"BwZaV5kM+rQ=","bindings":[{"role":"roles/artifactregistry.serviceAgent","members":["serviceAccount:service-1067597927443@gcp-sa-artifactregistry.iam.gserviceaccount.com"]},{"role":"roles/cloudbuild.builds.builder","members":["serviceAccount:1067597927443@cloudbuild.gserviceaccount.com"]},{"role":"roles/cloudbuild.serviceAgent","members":["serviceAccount:service-1067597927443@gcp-sa-cloudbuild.iam.gserviceaccount.com"]},{"role":"roles/cloudfunctions.standardServiceAgent","members":["serviceAccount:service-1067597927443@gcf-admin-robot.iam.gserviceaccount.com"]},{"role":"roles/containerregistry.ServiceAgent","members":["serviceAccount:service-1067597927443@containerregistry.iam.gserviceaccount.com"]},{"role":"roles/editor","members":["serviceAccount:1067597927443@cloudservices.gserviceaccount.com"]},{"role":"roles/eventarc.eventReceiver","members":["serviceAccount:1067597927443-compute@developer.gserviceaccount.com"]},{"role":"roles/eventarc.serviceAgent","members":["serviceAccount:service-1067597927443@gcp-sa-eventarc.iam.gserviceaccount.com"]},{"role":"roles/firebase.managementServiceAgent","members":["serviceAccount:service-1067597927443@gcp-sa-firebase.iam.gserviceaccount.com"]},{"role":"roles/firebase.sdkAdminServiceAgent","members":["serviceAccount:firebase-adminsdk-fbsvc@activelink2026.iam.gserviceaccount.com"]},{"role":"roles/firebaseauth.admin","members":["serviceAccount:firebase-adminsdk-fbsvc@activelink2026.iam.gserviceaccount.com"]},{"role":"roles/firebasemods.serviceAgent","members":["serviceAccount:service-1067597927443@gcp-sa-firebasemods.iam.gserviceaccount.com"]},{"role":"roles/firebaserules.system","members":["serviceAccount:service-1067597927443@firebase-rules.iam.gserviceaccount.com"]},{"role":"roles/firebasestorage.serviceAgent","members":["serviceAccount:service-1067597927443@gcp-sa-firebasestorage.iam.gserviceaccount.com"]},{"role":"roles/firestore.serviceAgent","members":["serviceAccount:service-1067597927443@gcp-sa-firestore.iam.gserviceaccount.com"]},{"role":"roles/iam.serviceAccountTokenCreator","members":["serviceAccount:firebase-adminsdk-fbsvc@activelink2026.iam.gserviceaccount.com","serviceAccount:service-1067597927443@gcp-sa-pubsub.iam.gserviceaccount.com"]},{"role":"roles/owner","members":["user:des@cbrand.sa","user:info@cbrand.sa"]},{"role":"roles/run.invoker","members":["serviceAccount:1067597927443-compute@developer.gserviceaccount.com"]},{"role":"roles/run.serviceAgent","members":["serviceAccount:service-1067597927443@serverless-robot-prod.iam.gserviceaccount.com"]},{"role":"roles/storage.admin","members":["serviceAccount:firebase-adminsdk-fbsvc@activelink2026.iam.gserviceaccount.com"]},{"role":"roles/storage.objectViewer","members":["serviceAccount:1067597927443-compute@developer.gserviceaccount.com"]}]}
[debug] [2026-08-31T14:01:28.120Z] Checked if tokens are valid: true, expires at: 1788187582862
[debug] [2026-08-31T14:01:28.120Z] Checked if tokens are valid: true, expires at: 1788187582862
[debug] [2026-08-31T14:01:28.120Z] >>> [apiv2][query] GET https://cloudbilling.googleapis.com/v1/projects/activelink2026/billingInfo [none]
[debug] [2026-08-31T14:01:28.120Z] >>> [apiv2][(partial)header] GET https://cloudbilling.googleapis.com/v1/projects/activelink2026/billingInfo  x-goog-user-project=activelink2026
[debug] [2026-08-31T14:01:28.824Z] <<< [apiv2][status] GET https://cloudbilling.googleapis.com/v1/projects/activelink2026/billingInfo 200
[debug] [2026-08-31T14:01:28.824Z] <<< [apiv2][body] GET https://cloudbilling.googleapis.com/v1/projects/activelink2026/billingInfo {"name":"projects/activelink2026/billingInfo","projectId":"activelink2026","billingAccountName":"billingAccounts/01E2BD-08B541-632F4D","billingEnabled":true}
[debug] [2026-08-31T14:01:28.825Z] Checked if tokens are valid: true, expires at: 1788187582862
[debug] [2026-08-31T14:01:28.825Z] Checked if tokens are valid: true, expires at: 1788187582862
[debug] [2026-08-31T14:01:28.825Z] >>> [apiv2][query] POST https://cloudfunctions.googleapis.com/v2/projects/activelink2026/locations/us-central1/functions:generateUploadUrl [none]
[debug] [2026-08-31T14:01:29.420Z] <<< [apiv2][status] POST https://cloudfunctions.googleapis.com/v2/projects/activelink2026/locations/us-central1/functions:generateUploadUrl 200
[debug] [2026-08-31T14:01:29.420Z] <<< [apiv2][body] POST https://cloudfunctions.googleapis.com/v2/projects/activelink2026/locations/us-central1/functions:generateUploadUrl {"uploadUrl":"https://storage.googleapis.com/gcf-v2-uploads-1067597927443.us-central1.cloudfunctions.appspot.com/02475275-ef8e-488d-92c0-5b6659df8a03.zip?GoogleAccessId=service-1067597927443@gcf-admin-robot.iam.gserviceaccount.com&Expires=1788186689&Signature=JEdpY8cctUT9UL%2BJbqCeF8PTlj6IRslk%2F641xwHTJgd2UFUxjtH1S7jc7mHeUZ2I99LQKLrr7FNUHiXPc6gtZjJRTXU3a90a1QBj%2Bt99jvXj55%2FjRSgNlS3wrn%2FwDbepdLsGg8uXJa7PV%2FHo%2FRzQ1aOuPdfNfZivUxWR4MKaZAxUucJ7YkV64WFzcLBlWaYaaTYTN04iPfJaWGfs541Ip1vsl88caDVRQemln88qHIps9tGL48ss%2B1wNj0C0YNi91riMuf8uB0cCrbqnAcUrYz%2BTK8xBYAIlFccYykgS11wtB0IEzanwyMLjmq%2FlV6sG5R3mDk2bKYO%2BdHsua%2Fb%2Fnw%3D%3D","storageSource":{"bucket":"gcf-v2-uploads-1067597927443.us-central1.cloudfunctions.appspot.com","object":"02475275-ef8e-488d-92c0-5b6659df8a03.zip"}}
[debug] [2026-08-31T14:01:29.421Z] >>> [apiv2][query] PUT https://storage.googleapis.com/gcf-v2-uploads-1067597927443.us-central1.cloudfunctions.appspot.com/02475275-ef8e-488d-92c0-5b6659df8a03.zip GoogleAccessId=service-1067597927443%40gcf-admin-robot.iam.gserviceaccount.com&Expires=1788186689&Signature=JEdpY8cctUT9UL%2BJbqCeF8PTlj6IRslk%2F641xwHTJgd2UFUxjtH1S7jc7mHeUZ2I99LQKLrr7FNUHiXPc6gtZjJRTXU3a90a1QBj%2Bt99jvXj55%2FjRSgNlS3wrn%2FwDbepdLsGg8uXJa7PV%2FHo%2FRzQ1aOuPdfNfZivUxWR4MKaZAxUucJ7YkV64WFzcLBlWaYaaTYTN04iPfJaWGfs541Ip1vsl88caDVRQemln88qHIps9tGL48ss%2B1wNj0C0YNi91riMuf8uB0cCrbqnAcUrYz%2BTK8xBYAIlFccYykgS11wtB0IEzanwyMLjmq%2FlV6sG5R3mDk2bKYO%2BdHsua%2Fb%2Fnw%3D%3D
[debug] [2026-08-31T14:01:29.421Z] >>> [apiv2][body] PUT https://storage.googleapis.com/gcf-v2-uploads-1067597927443.us-central1.cloudfunctions.appspot.com/02475275-ef8e-488d-92c0-5b6659df8a03.zip [stream]
[debug] [2026-08-31T14:01:29.935Z] <<< [apiv2][status] PUT https://storage.googleapis.com/gcf-v2-uploads-1067597927443.us-central1.cloudfunctions.appspot.com/02475275-ef8e-488d-92c0-5b6659df8a03.zip 200
[debug] [2026-08-31T14:01:29.935Z] <<< [apiv2][body] PUT https://storage.googleapis.com/gcf-v2-uploads-1067597927443.us-central1.cloudfunctions.appspot.com/02475275-ef8e-488d-92c0-5b6659df8a03.zip [omitted]
[info] +  functions: functions source uploaded successfully 
[info] i  functions: creating Node.js 22 (2nd Gen) function onOfferCreatedTrigger(us-central1)... 
[info] i  functions: creating Node.js 22 (2nd Gen) function onOfferAcceptedTrigger(us-central1)... 
[info] i  functions: updating Node.js 22 (2nd Gen) function verifyOfferOtp(us-central1)... 
[debug] [2026-08-31T14:01:29.940Z] Checked if tokens are valid: true, expires at: 1788187582862
[debug] [2026-08-31T14:01:29.941Z] Checked if tokens are valid: true, expires at: 1788187582862
[debug] [2026-08-31T14:01:29.941Z] >>> [apiv2][query] POST https://cloudfunctions.googleapis.com/v2/projects/activelink2026/locations/us-central1/functions functionId=onOfferCreatedTrigger
[debug] [2026-08-31T14:01:29.941Z] >>> [apiv2][body] POST https://cloudfunctions.googleapis.com/v2/projects/activelink2026/locations/us-central1/functions {"name":"projects/activelink2026/locations/us-central1/functions/onOfferCreatedTrigger","buildConfig":{"runtime":"nodejs22","entryPoint":"onOfferCreatedTrigger","source":{"storageSource":{"bucket":"gcf-v2-uploads-1067597927443.us-central1.cloudfunctions.appspot.com","object":"02475275-ef8e-488d-92c0-5b6659df8a03.zip"}},"environmentVariables":{"GOOGLE_NODE_RUN_SCRIPTS":""}},"serviceConfig":{"environmentVariables":{"FIREBASE_CONFIG":"{\"projectId\":\"activelink2026\",\"storageBucket\":\"activelink2026.firebasestorage.app\"}","GCLOUD_PROJECT":"activelink2026","EVENTARC_CLOUD_EVENT_SOURCE":"projects/activelink2026/locations/us-central1/services/onOfferCreatedTrigger","FUNCTION_REGION":"us-central1","FUNCTION_SIGNATURE_TYPE":"cloudevent","FUNCTION_TARGET":"onOfferCreatedTrigger","LOG_EXECUTION_ID":"true"},"ingressSettings":null,"timeoutSeconds":null,"serviceAccountEmail":null,"availableMemory":"256Mi","minInstanceCount":null,"maxInstanceCount":null,"maxInstanceRequestConcurrency":80,"availableCpu":"1","vpcConnector":null,"vpcConnectorEgressSettings":null,"directVpcNetworkInterface":null,"directVpcEgress":null},"labels":{"deployment-tool":"cli-firebase","firebase-functions-hash":"b5f3ab90a664c0076bac053151e82e94c3cd5a62"},"eventTrigger":{"eventType":"google.cloud.firestore.document.v1.created","retryPolicy":"RETRY_POLICY_DO_NOT_RETRY","eventFilters":[{"attribute":"database","value":"(default)"},{"attribute":"namespace","value":"(default)"},{"attribute":"document","value":"offers/{offerId}","operator":"match-path-pattern"}],"triggerRegion":"nam5"}}
[debug] [2026-08-31T14:01:31.433Z] <<< [apiv2][status] POST https://cloudfunctions.googleapis.com/v2/projects/activelink2026/locations/us-central1/functions 200
[debug] [2026-08-31T14:01:31.433Z] <<< [apiv2][body] POST https://cloudfunctions.googleapis.com/v2/projects/activelink2026/locations/us-central1/functions {"name":"projects/activelink2026/locations/us-central1/operations/operation-1788184890121-65a583d2b1f07-0d71549a-8c8dfe64","metadata":{"@type":"type.googleapis.com/google.cloud.functions.v2.OperationMetadata","createTime":"2026-08-31T14:01:31.367930857Z","target":"projects/activelink2026/locations/us-central1/functions/onOfferCreatedTrigger","verb":"create","cancelRequested":false,"apiVersion":"v2"},"done":false}
[debug] [2026-08-31T14:01:31.433Z] Checked if tokens are valid: true, expires at: 1788187582862
[debug] [2026-08-31T14:01:31.433Z] Checked if tokens are valid: true, expires at: 1788187582862
[debug] [2026-08-31T14:01:31.433Z] >>> [apiv2][query] GET https://cloudfunctions.googleapis.com/v2/projects/activelink2026/locations/us-central1/operations/operation-1788184890121-65a583d2b1f07-0d71549a-8c8dfe64 [none]
[debug] [2026-08-31T14:01:32.224Z] <<< [apiv2][status] GET https://cloudfunctions.googleapis.com/v2/projects/activelink2026/locations/us-central1/operations/operation-1788184890121-65a583d2b1f07-0d71549a-8c8dfe64 200
[debug] [2026-08-31T14:01:32.224Z] <<< [apiv2][body] GET https://cloudfunctions.googleapis.com/v2/projects/activelink2026/locations/us-central1/operations/operation-1788184890121-65a583d2b1f07-0d71549a-8c8dfe64 {"name":"projects/activelink2026/locations/us-central1/operations/operation-1788184890121-65a583d2b1f07-0d71549a-8c8dfe64","metadata":{"@type":"type.googleapis.com/google.cloud.functions.v2.OperationMetadata","createTime":"2026-08-31T14:01:31.367930857Z","target":"projects/activelink2026/locations/us-central1/functions/onOfferCreatedTrigger","verb":"create","cancelRequested":false,"apiVersion":"v2","requestResource":{"@type":"type.googleapis.com/google.cloud.functions.v2.Function","name":"projects/activelink2026/locations/us-central1/functions/onOfferCreatedTrigger","buildConfig":{"runtime":"nodejs22","entryPoint":"onOfferCreatedTrigger","source":{"storageSource":{"bucket":"gcf-v2-sources-1067597927443-us-central1","object":"onOfferCreatedTrigger/function-source.zip","generation":"1788184890402192"}},"environmentVariables":{"GOOGLE_NODE_RUN_SCRIPTS":""},"serviceAccount":"projects/activelink2026/serviceAccounts/1067597927443-compute@developer.gserviceaccount.com","automaticUpdatePolicy":{}},"serviceConfig":{"service":"projects/activelink2026/locations/us-central1/services/onoffercreatedtrigger","timeoutSeconds":60,"environmentVariables":{"FIREBASE_CONFIG":"{\"projectId\":\"activelink2026\",\"storageBucket\":\"activelink2026.firebasestorage.app\"}","GCLOUD_PROJECT":"activelink2026","EVENTARC_CLOUD_EVENT_SOURCE":"projects/activelink2026/locations/us-central1/services/onOfferCreatedTrigger","FUNCTION_REGION":"us-central1","FUNCTION_SIGNATURE_TYPE":"cloudevent","FUNCTION_TARGET":"onOfferCreatedTrigger","LOG_EXECUTION_ID":"true"},"ingressSettings":"ALLOW_ALL","serviceAccountEmail":"1067597927443-compute@developer.gserviceaccount.com","availableMemory":"256Mi","maxInstanceRequestConcurrency":80,"availableCpu":"1"},"eventTrigger":{"trigger":"projects/activelink2026/locations/nam5/triggers/onoffercreatedtrigger-084385","triggerRegion":"nam5","eventType":"google.cloud.firestore.document.v1.created","eventFilters":[{"attribute":"database","value":"(default)"},{"attribute":"namespace","value":"(default)"},{"attribute":"document","value":"offers/{offerId}","operator":"match-path-pattern"}],"serviceAccountEmail":"1067597927443-compute@developer.gserviceaccount.com","retryPolicy":"RETRY_POLICY_DO_NOT_RETRY"},"labels":{"deployment-tool":"cli-firebase","firebase-functions-hash":"b5f3ab90a664c0076bac053151e82e94c3cd5a62"},"environment":"GEN_2"},"stages":[{"name":"BUILD","state":"NOT_STARTED"},{"name":"SERVICE","state":"NOT_STARTED"},{"name":"TRIGGER","state":"NOT_STARTED"}],"operationType":"CREATE_FUNCTION"},"done":false}
[debug] [2026-08-31T14:01:32.725Z] [create-default-us-central1-onOfferCreatedTrigger] Retrying task index 0
[debug] [2026-08-31T14:01:32.725Z] Checked if tokens are valid: true, expires at: 1788187582862
[debug] [2026-08-31T14:01:32.725Z] Checked if tokens are valid: true, expires at: 1788187582862
[debug] [2026-08-31T14:01:32.725Z] >>> [apiv2][query] GET https://cloudfunctions.googleapis.com/v2/projects/activelink2026/locations/us-central1/operations/operation-1788184890121-65a583d2b1f07-0d71549a-8c8dfe64 [none]
[debug] [2026-08-31T14:01:33.505Z] <<< [apiv2][status] GET https://cloudfunctions.googleapis.com/v2/projects/activelink2026/locations/us-central1/operations/operation-1788184890121-65a583d2b1f07-0d71549a-8c8dfe64 200
[debug] [2026-08-31T14:01:33.505Z] <<< [apiv2][body] GET https://cloudfunctions.googleapis.com/v2/projects/activelink2026/locations/us-central1/operations/operation-1788184890121-65a583d2b1f07-0d71549a-8c8dfe64 {"name":"projects/activelink2026/locations/us-central1/operations/operation-1788184890121-65a583d2b1f07-0d71549a-8c8dfe64","metadata":{"@type":"type.googleapis.com/google.cloud.functions.v2.OperationMetadata","createTime":"2026-08-31T14:01:31.367930857Z","target":"projects/activelink2026/locations/us-central1/functions/onOfferCreatedTrigger","verb":"create","cancelRequested":false,"apiVersion":"v2","requestResource":{"@type":"type.googleapis.com/google.cloud.functions.v2.Function","name":"projects/activelink2026/locations/us-central1/functions/onOfferCreatedTrigger","buildConfig":{"runtime":"nodejs22","entryPoint":"onOfferCreatedTrigger","source":{"storageSource":{"bucket":"gcf-v2-sources-1067597927443-us-central1","object":"onOfferCreatedTrigger/function-source.zip","generation":"1788184890402192"}},"environmentVariables":{"GOOGLE_NODE_RUN_SCRIPTS":""},"serviceAccount":"projects/activelink2026/serviceAccounts/1067597927443-compute@developer.gserviceaccount.com","automaticUpdatePolicy":{}},"serviceConfig":{"service":"projects/activelink2026/locations/us-central1/services/onoffercreatedtrigger","timeoutSeconds":60,"environmentVariables":{"FIREBASE_CONFIG":"{\"projectId\":\"activelink2026\",\"storageBucket\":\"activelink2026.firebasestorage.app\"}","GCLOUD_PROJECT":"activelink2026","EVENTARC_CLOUD_EVENT_SOURCE":"projects/activelink2026/locations/us-central1/services/onOfferCreatedTrigger","FUNCTION_REGION":"us-central1","FUNCTION_SIGNATURE_TYPE":"cloudevent","FUNCTION_TARGET":"onOfferCreatedTrigger","LOG_EXECUTION_ID":"true"},"ingressSettings":"ALLOW_ALL","serviceAccountEmail":"1067597927443-compute@developer.gserviceaccount.com","availableMemory":"256Mi","maxInstanceRequestConcurrency":80,"availableCpu":"1"},"eventTrigger":{"trigger":"projects/activelink2026/locations/nam5/triggers/onoffercreatedtrigger-084385","triggerRegion":"nam5","eventType":"google.cloud.firestore.document.v1.created","eventFilters":[{"attribute":"database","value":"(default)"},{"attribute":"namespace","value":"(default)"},{"attribute":"document","value":"offers/{offerId}","operator":"match-path-pattern"}],"serviceAccountEmail":"1067597927443-compute@developer.gserviceaccount.com","retryPolicy":"RETRY_POLICY_DO_NOT_RETRY"},"labels":{"deployment-tool":"cli-firebase","firebase-functions-hash":"b5f3ab90a664c0076bac053151e82e94c3cd5a62"},"environment":"GEN_2"},"stages":[{"name":"BUILD","message":"Build in progress","state":"IN_PROGRESS","resource":"projects/1067597927443/locations/us-central1/builds/d2cadcb9-6fd7-4367-b8c0-909f6f5c4291","resourceUri":"https://console.cloud.google.com/cloud-build/builds;region=us-central1/d2cadcb9-6fd7-4367-b8c0-909f6f5c4291?project=1067597927443"},{"name":"SERVICE","state":"NOT_STARTED"},{"name":"TRIGGER","state":"NOT_STARTED"}],"operationType":"CREATE_FUNCTION","buildName":"projects/1067597927443/locations/us-central1/builds/d2cadcb9-6fd7-4367-b8c0-909f6f5c4291"},"done":false}
[debug] [2026-08-31T14:01:34.518Z] [create-default-us-central1-onOfferCreatedTrigger] Retrying task index 0
[debug] [2026-08-31T14:01:34.518Z] Checked if tokens are valid: true, expires at: 1788187582862
[debug] [2026-08-31T14:01:34.518Z] Checked if tokens are valid: true, expires at: 1788187582862
[debug] [2026-08-31T14:01:34.518Z] >>> [apiv2][query] GET https://cloudfunctions.googleapis.com/v2/projects/activelink2026/locations/us-central1/operations/operation-1788184890121-65a583d2b1f07-0d71549a-8c8dfe64 [none]
[debug] [2026-08-31T14:01:35.295Z] <<< [apiv2][status] GET https://cloudfunctions.googleapis.com/v2/projects/activelink2026/locations/us-central1/operations/operation-1788184890121-65a583d2b1f07-0d71549a-8c8dfe64 200
[debug] [2026-08-31T14:01:35.295Z] <<< [apiv2][body] GET https://cloudfunctions.googleapis.com/v2/projects/activelink2026/locations/us-central1/operations/operation-1788184890121-65a583d2b1f07-0d71549a-8c8dfe64 {"name":"projects/activelink2026/locations/us-central1/operations/operation-1788184890121-65a583d2b1f07-0d71549a-8c8dfe64","metadata":{"@type":"type.googleapis.com/google.cloud.functions.v2.OperationMetadata","createTime":"2026-08-31T14:01:31.367930857Z","target":"projects/activelink2026/locations/us-central1/functions/onOfferCreatedTrigger","verb":"create","cancelRequested":false,"apiVersion":"v2","requestResource":{"@type":"type.googleapis.com/google.cloud.functions.v2.Function","name":"projects/activelink2026/locations/us-central1/functions/onOfferCreatedTrigger","buildConfig":{"runtime":"nodejs22","entryPoint":"onOfferCreatedTrigger","source":{"storageSource":{"bucket":"gcf-v2-sources-1067597927443-us-central1","object":"onOfferCreatedTrigger/function-source.zip","generation":"1788184890402192"}},"environmentVariables":{"GOOGLE_NODE_RUN_SCRIPTS":""},"serviceAccount":"projects/activelink2026/serviceAccounts/1067597927443-compute@developer.gserviceaccount.com","automaticUpdatePolicy":{}},"serviceConfig":{"service":"projects/activelink2026/locations/us-central1/services/onoffercreatedtrigger","timeoutSeconds":60,"environmentVariables":{"FIREBASE_CONFIG":"{\"projectId\":\"activelink2026\",\"storageBucket\":\"activelink2026.firebasestorage.app\"}","GCLOUD_PROJECT":"activelink2026","EVENTARC_CLOUD_EVENT_SOURCE":"projects/activelink2026/locations/us-central1/services/onOfferCreatedTrigger","FUNCTION_REGION":"us-central1","FUNCTION_SIGNATURE_TYPE":"cloudevent","FUNCTION_TARGET":"onOfferCreatedTrigger","LOG_EXECUTION_ID":"true"},"ingressSettings":"ALLOW_ALL","serviceAccountEmail":"1067597927443-compute@developer.gserviceaccount.com","availableMemory":"256Mi","maxInstanceRequestConcurrency":80,"availableCpu":"1"},"eventTrigger":{"trigger":"projects/activelink2026/locations/nam5/triggers/onoffercreatedtrigger-084385","triggerRegion":"nam5","eventType":"google.cloud.firestore.document.v1.created","eventFilters":[{"attribute":"database","value":"(default)"},{"attribute":"namespace","value":"(default)"},{"attribute":"document","value":"offers/{offerId}","operator":"match-path-pattern"}],"serviceAccountEmail":"1067597927443-compute@developer.gserviceaccount.com","retryPolicy":"RETRY_POLICY_DO_NOT_RETRY"},"labels":{"deployment-tool":"cli-firebase","firebase-functions-hash":"b5f3ab90a664c0076bac053151e82e94c3cd5a62"},"environment":"GEN_2"},"stages":[{"name":"BUILD","message":"Build in progress","state":"IN_PROGRESS","resource":"projects/1067597927443/locations/us-central1/builds/d2cadcb9-6fd7-4367-b8c0-909f6f5c4291","resourceUri":"https://console.cloud.google.com/cloud-build/builds;region=us-central1/d2cadcb9-6fd7-4367-b8c0-909f6f5c4291?project=1067597927443"},{"name":"SERVICE","state":"NOT_STARTED"},{"name":"TRIGGER","state":"NOT_STARTED"}],"operationType":"CREATE_FUNCTION","buildName":"projects/1067597927443/locations/us-central1/builds/d2cadcb9-6fd7-4367-b8c0-909f6f5c4291"},"done":false}
[debug] [2026-08-31T14:01:37.307Z] [create-default-us-central1-onOfferCreatedTrigger] Retrying task index 0
[debug] [2026-08-31T14:01:37.307Z] Checked if tokens are valid: true, expires at: 1788187582862
[debug] [2026-08-31T14:01:37.307Z] Checked if tokens are valid: true, expires at: 1788187582862
[debug] [2026-08-31T14:01:37.307Z] >>> [apiv2][query] GET https://cloudfunctions.googleapis.com/v2/projects/activelink2026/locations/us-central1/operations/operation-1788184890121-65a583d2b1f07-0d71549a-8c8dfe64 [none]
[debug] [2026-08-31T14:01:38.087Z] <<< [apiv2][status] GET https://cloudfunctions.googleapis.com/v2/projects/activelink2026/locations/us-central1/operations/operation-1788184890121-65a583d2b1f07-0d71549a-8c8dfe64 200
[debug] [2026-08-31T14:01:38.087Z] <<< [apiv2][body] GET https://cloudfunctions.googleapis.com/v2/projects/activelink2026/locations/us-central1/operations/operation-1788184890121-65a583d2b1f07-0d71549a-8c8dfe64 {"name":"projects/activelink2026/locations/us-central1/operations/operation-1788184890121-65a583d2b1f07-0d71549a-8c8dfe64","metadata":{"@type":"type.googleapis.com/google.cloud.functions.v2.OperationMetadata","createTime":"2026-08-31T14:01:31.367930857Z","target":"projects/activelink2026/locations/us-central1/functions/onOfferCreatedTrigger","verb":"create","cancelRequested":false,"apiVersion":"v2","requestResource":{"@type":"type.googleapis.com/google.cloud.functions.v2.Function","name":"projects/activelink2026/locations/us-central1/functions/onOfferCreatedTrigger","buildConfig":{"runtime":"nodejs22","entryPoint":"onOfferCreatedTrigger","source":{"storageSource":{"bucket":"gcf-v2-sources-1067597927443-us-central1","object":"onOfferCreatedTrigger/function-source.zip","generation":"1788184890402192"}},"environmentVariables":{"GOOGLE_NODE_RUN_SCRIPTS":""},"serviceAccount":"projects/activelink2026/serviceAccounts/1067597927443-compute@developer.gserviceaccount.com","automaticUpdatePolicy":{}},"serviceConfig":{"service":"projects/activelink2026/locations/us-central1/services/onoffercreatedtrigger","timeoutSeconds":60,"environmentVariables":{"FIREBASE_CONFIG":"{\"projectId\":\"activelink2026\",\"storageBucket\":\"activelink2026.firebasestorage.app\"}","GCLOUD_PROJECT":"activelink2026","EVENTARC_CLOUD_EVENT_SOURCE":"projects/activelink2026/locations/us-central1/services/onOfferCreatedTrigger","FUNCTION_REGION":"us-central1","FUNCTION_SIGNATURE_TYPE":"cloudevent","FUNCTION_TARGET":"onOfferCreatedTrigger","LOG_EXECUTION_ID":"true"},"ingressSettings":"ALLOW_ALL","serviceAccountEmail":"1067597927443-compute@developer.gserviceaccount.com","availableMemory":"256Mi","maxInstanceRequestConcurrency":80,"availableCpu":"1"},"eventTrigger":{"trigger":"projects/activelink2026/locations/nam5/triggers/onoffercreatedtrigger-084385","triggerRegion":"nam5","eventType":"google.cloud.firestore.document.v1.created","eventFilters":[{"attribute":"database","value":"(default)"},{"attribute":"namespace","value":"(default)"},{"attribute":"document","value":"offers/{offerId}","operator":"match-path-pattern"}],"serviceAccountEmail":"1067597927443-compute@developer.gserviceaccount.com","retryPolicy":"RETRY_POLICY_DO_NOT_RETRY"},"labels":{"deployment-tool":"cli-firebase","firebase-functions-hash":"b5f3ab90a664c0076bac053151e82e94c3cd5a62"},"environment":"GEN_2"},"stages":[{"name":"BUILD","message":"Build in progress","state":"IN_PROGRESS","resource":"projects/1067597927443/locations/us-central1/builds/d2cadcb9-6fd7-4367-b8c0-909f6f5c4291","resourceUri":"https://console.cloud.google.com/cloud-build/builds;region=us-central1/d2cadcb9-6fd7-4367-b8c0-909f6f5c4291?project=1067597927443"},{"name":"SERVICE","state":"NOT_STARTED"},{"name":"TRIGGER","state":"NOT_STARTED"}],"operationType":"CREATE_FUNCTION","buildName":"projects/1067597927443/locations/us-central1/builds/d2cadcb9-6fd7-4367-b8c0-909f6f5c4291"},"done":false}
[debug] [2026-08-31T14:01:42.096Z] [create-default-us-central1-onOfferCreatedTrigger] Retrying task index 0
[debug] [2026-08-31T14:01:42.096Z] Checked if tokens are valid: true, expires at: 1788187582862
[debug] [2026-08-31T14:01:42.096Z] Checked if tokens are valid: true, expires at: 1788187582862
[debug] [2026-08-31T14:01:42.096Z] >>> [apiv2][query] GET https://cloudfunctions.googleapis.com/v2/projects/activelink2026/locations/us-central1/operations/operation-1788184890121-65a583d2b1f07-0d71549a-8c8dfe64 [none]
[debug] [2026-08-31T14:01:42.960Z] <<< [apiv2][status] GET https://cloudfunctions.googleapis.com/v2/projects/activelink2026/locations/us-central1/operations/operation-1788184890121-65a583d2b1f07-0d71549a-8c8dfe64 200
[debug] [2026-08-31T14:01:42.960Z] <<< [apiv2][body] GET https://cloudfunctions.googleapis.com/v2/projects/activelink2026/locations/us-central1/operations/operation-1788184890121-65a583d2b1f07-0d71549a-8c8dfe64 {"name":"projects/activelink2026/locations/us-central1/operations/operation-1788184890121-65a583d2b1f07-0d71549a-8c8dfe64","metadata":{"@type":"type.googleapis.com/google.cloud.functions.v2.OperationMetadata","createTime":"2026-08-31T14:01:31.367930857Z","target":"projects/activelink2026/locations/us-central1/functions/onOfferCreatedTrigger","verb":"create","cancelRequested":false,"apiVersion":"v2","requestResource":{"@type":"type.googleapis.com/google.cloud.functions.v2.Function","name":"projects/activelink2026/locations/us-central1/functions/onOfferCreatedTrigger","buildConfig":{"runtime":"nodejs22","entryPoint":"onOfferCreatedTrigger","source":{"storageSource":{"bucket":"gcf-v2-sources-1067597927443-us-central1","object":"onOfferCreatedTrigger/function-source.zip","generation":"1788184890402192"}},"environmentVariables":{"GOOGLE_NODE_RUN_SCRIPTS":""},"serviceAccount":"projects/activelink2026/serviceAccounts/1067597927443-compute@developer.gserviceaccount.com","automaticUpdatePolicy":{}},"serviceConfig":{"service":"projects/activelink2026/locations/us-central1/services/onoffercreatedtrigger","timeoutSeconds":60,"environmentVariables":{"FIREBASE_CONFIG":"{\"projectId\":\"activelink2026\",\"storageBucket\":\"activelink2026.firebasestorage.app\"}","GCLOUD_PROJECT":"activelink2026","EVENTARC_CLOUD_EVENT_SOURCE":"projects/activelink2026/locations/us-central1/services/onOfferCreatedTrigger","FUNCTION_REGION":"us-central1","FUNCTION_SIGNATURE_TYPE":"cloudevent","FUNCTION_TARGET":"onOfferCreatedTrigger","LOG_EXECUTION_ID":"true"},"ingressSettings":"ALLOW_ALL","serviceAccountEmail":"1067597927443-compute@developer.gserviceaccount.com","availableMemory":"256Mi","maxInstanceRequestConcurrency":80,"availableCpu":"1"},"eventTrigger":{"trigger":"projects/activelink2026/locations/nam5/triggers/onoffercreatedtrigger-084385","triggerRegion":"nam5","eventType":"google.cloud.firestore.document.v1.created","eventFilters":[{"attribute":"database","value":"(default)"},{"attribute":"namespace","value":"(default)"},{"attribute":"document","value":"offers/{offerId}","operator":"match-path-pattern"}],"serviceAccountEmail":"1067597927443-compute@developer.gserviceaccount.com","retryPolicy":"RETRY_POLICY_DO_NOT_RETRY"},"labels":{"deployment-tool":"cli-firebase","firebase-functions-hash":"b5f3ab90a664c0076bac053151e82e94c3cd5a62"},"environment":"GEN_2"},"stages":[{"name":"BUILD","message":"Build in progress","state":"IN_PROGRESS","resource":"projects/1067597927443/locations/us-central1/builds/d2cadcb9-6fd7-4367-b8c0-909f6f5c4291","resourceUri":"https://console.cloud.google.com/cloud-build/builds;region=us-central1/d2cadcb9-6fd7-4367-b8c0-909f6f5c4291?project=1067597927443"},{"name":"SERVICE","state":"NOT_STARTED"},{"name":"TRIGGER","state":"NOT_STARTED"}],"operationType":"CREATE_FUNCTION","buildName":"projects/1067597927443/locations/us-central1/builds/d2cadcb9-6fd7-4367-b8c0-909f6f5c4291"},"done":false}
[debug] [2026-08-31T14:01:50.973Z] [create-default-us-central1-onOfferCreatedTrigger] Retrying task index 0
[debug] [2026-08-31T14:01:50.973Z] Checked if tokens are valid: true, expires at: 1788187582862
[debug] [2026-08-31T14:01:50.973Z] Checked if tokens are valid: true, expires at: 1788187582862
[debug] [2026-08-31T14:01:50.973Z] >>> [apiv2][query] GET https://cloudfunctions.googleapis.com/v2/projects/activelink2026/locations/us-central1/operations/operation-1788184890121-65a583d2b1f07-0d71549a-8c8dfe64 [none]
[debug] [2026-08-31T14:01:51.887Z] <<< [apiv2][status] GET https://cloudfunctions.googleapis.com/v2/projects/activelink2026/locations/us-central1/operations/operation-1788184890121-65a583d2b1f07-0d71549a-8c8dfe64 200
[debug] [2026-08-31T14:01:51.887Z] <<< [apiv2][body] GET https://cloudfunctions.googleapis.com/v2/projects/activelink2026/locations/us-central1/operations/operation-1788184890121-65a583d2b1f07-0d71549a-8c8dfe64 {"name":"projects/activelink2026/locations/us-central1/operations/operation-1788184890121-65a583d2b1f07-0d71549a-8c8dfe64","metadata":{"@type":"type.googleapis.com/google.cloud.functions.v2.OperationMetadata","createTime":"2026-08-31T14:01:31.367930857Z","target":"projects/activelink2026/locations/us-central1/functions/onOfferCreatedTrigger","verb":"create","cancelRequested":false,"apiVersion":"v2","requestResource":{"@type":"type.googleapis.com/google.cloud.functions.v2.Function","name":"projects/activelink2026/locations/us-central1/functions/onOfferCreatedTrigger","buildConfig":{"runtime":"nodejs22","entryPoint":"onOfferCreatedTrigger","source":{"storageSource":{"bucket":"gcf-v2-sources-1067597927443-us-central1","object":"onOfferCreatedTrigger/function-source.zip","generation":"1788184890402192"}},"environmentVariables":{"GOOGLE_NODE_RUN_SCRIPTS":""},"serviceAccount":"projects/activelink2026/serviceAccounts/1067597927443-compute@developer.gserviceaccount.com","automaticUpdatePolicy":{}},"serviceConfig":{"service":"projects/activelink2026/locations/us-central1/services/onoffercreatedtrigger","timeoutSeconds":60,"environmentVariables":{"FIREBASE_CONFIG":"{\"projectId\":\"activelink2026\",\"storageBucket\":\"activelink2026.firebasestorage.app\"}","GCLOUD_PROJECT":"activelink2026","EVENTARC_CLOUD_EVENT_SOURCE":"projects/activelink2026/locations/us-central1/services/onOfferCreatedTrigger","FUNCTION_REGION":"us-central1","FUNCTION_SIGNATURE_TYPE":"cloudevent","FUNCTION_TARGET":"onOfferCreatedTrigger","LOG_EXECUTION_ID":"true"},"ingressSettings":"ALLOW_ALL","serviceAccountEmail":"1067597927443-compute@developer.gserviceaccount.com","availableMemory":"256Mi","maxInstanceRequestConcurrency":80,"availableCpu":"1"},"eventTrigger":{"trigger":"projects/activelink2026/locations/nam5/triggers/onoffercreatedtrigger-084385","triggerRegion":"nam5","eventType":"google.cloud.firestore.document.v1.created","eventFilters":[{"attribute":"database","value":"(default)"},{"attribute":"namespace","value":"(default)"},{"attribute":"document","value":"offers/{offerId}","operator":"match-path-pattern"}],"serviceAccountEmail":"1067597927443-compute@developer.gserviceaccount.com","retryPolicy":"RETRY_POLICY_DO_NOT_RETRY"},"labels":{"deployment-tool":"cli-firebase","firebase-functions-hash":"b5f3ab90a664c0076bac053151e82e94c3cd5a62"},"environment":"GEN_2"},"stages":[{"name":"BUILD","message":"Build in progress","state":"IN_PROGRESS","resource":"projects/1067597927443/locations/us-central1/builds/d2cadcb9-6fd7-4367-b8c0-909f6f5c4291","resourceUri":"https://console.cloud.google.com/cloud-build/builds;region=us-central1/d2cadcb9-6fd7-4367-b8c0-909f6f5c4291?project=1067597927443"},{"name":"SERVICE","state":"NOT_STARTED"},{"name":"TRIGGER","state":"NOT_STARTED"}],"operationType":"CREATE_FUNCTION","buildName":"projects/1067597927443/locations/us-central1/builds/d2cadcb9-6fd7-4367-b8c0-909f6f5c4291"},"done":false}
[debug] [2026-08-31T14:02:01.892Z] [create-default-us-central1-onOfferCreatedTrigger] Retrying task index 0
[debug] [2026-08-31T14:02:01.893Z] Checked if tokens are valid: true, expires at: 1788187582862
[debug] [2026-08-31T14:02:01.893Z] Checked if tokens are valid: true, expires at: 1788187582862
[debug] [2026-08-31T14:02:01.893Z] >>> [apiv2][query] GET https://cloudfunctions.googleapis.com/v2/projects/activelink2026/locations/us-central1/operations/operation-1788184890121-65a583d2b1f07-0d71549a-8c8dfe64 [none]
[debug] [2026-08-31T14:02:02.832Z] <<< [apiv2][status] GET https://cloudfunctions.googleapis.com/v2/projects/activelink2026/locations/us-central1/operations/operation-1788184890121-65a583d2b1f07-0d71549a-8c8dfe64 200
[debug] [2026-08-31T14:02:02.832Z] <<< [apiv2][body] GET https://cloudfunctions.googleapis.com/v2/projects/activelink2026/locations/us-central1/operations/operation-1788184890121-65a583d2b1f07-0d71549a-8c8dfe64 {"name":"projects/activelink2026/locations/us-central1/operations/operation-1788184890121-65a583d2b1f07-0d71549a-8c8dfe64","metadata":{"@type":"type.googleapis.com/google.cloud.functions.v2.OperationMetadata","createTime":"2026-08-31T14:01:31.367930857Z","target":"projects/activelink2026/locations/us-central1/functions/onOfferCreatedTrigger","verb":"create","cancelRequested":false,"apiVersion":"v2","requestResource":{"@type":"type.googleapis.com/google.cloud.functions.v2.Function","name":"projects/activelink2026/locations/us-central1/functions/onOfferCreatedTrigger","buildConfig":{"runtime":"nodejs22","entryPoint":"onOfferCreatedTrigger","source":{"storageSource":{"bucket":"gcf-v2-sources-1067597927443-us-central1","object":"onOfferCreatedTrigger/function-source.zip","generation":"1788184890402192"}},"environmentVariables":{"GOOGLE_NODE_RUN_SCRIPTS":""},"serviceAccount":"projects/activelink2026/serviceAccounts/1067597927443-compute@developer.gserviceaccount.com","automaticUpdatePolicy":{}},"serviceConfig":{"service":"projects/activelink2026/locations/us-central1/services/onoffercreatedtrigger","timeoutSeconds":60,"environmentVariables":{"FIREBASE_CONFIG":"{\"projectId\":\"activelink2026\",\"storageBucket\":\"activelink2026.firebasestorage.app\"}","GCLOUD_PROJECT":"activelink2026","EVENTARC_CLOUD_EVENT_SOURCE":"projects/activelink2026/locations/us-central1/services/onOfferCreatedTrigger","FUNCTION_REGION":"us-central1","FUNCTION_SIGNATURE_TYPE":"cloudevent","FUNCTION_TARGET":"onOfferCreatedTrigger","LOG_EXECUTION_ID":"true"},"ingressSettings":"ALLOW_ALL","serviceAccountEmail":"1067597927443-compute@developer.gserviceaccount.com","availableMemory":"256Mi","maxInstanceRequestConcurrency":80,"availableCpu":"1"},"eventTrigger":{"trigger":"projects/activelink2026/locations/nam5/triggers/onoffercreatedtrigger-084385","triggerRegion":"nam5","eventType":"google.cloud.firestore.document.v1.created","eventFilters":[{"attribute":"database","value":"(default)"},{"attribute":"namespace","value":"(default)"},{"attribute":"document","value":"offers/{offerId}","operator":"match-path-pattern"}],"serviceAccountEmail":"1067597927443-compute@developer.gserviceaccount.com","retryPolicy":"RETRY_POLICY_DO_NOT_RETRY"},"labels":{"deployment-tool":"cli-firebase","firebase-functions-hash":"b5f3ab90a664c0076bac053151e82e94c3cd5a62"},"environment":"GEN_2"},"stages":[{"name":"BUILD","message":"Build in progress","state":"IN_PROGRESS","resource":"projects/1067597927443/locations/us-central1/builds/d2cadcb9-6fd7-4367-b8c0-909f6f5c4291","resourceUri":"https://console.cloud.google.com/cloud-build/builds;region=us-central1/d2cadcb9-6fd7-4367-b8c0-909f6f5c4291?project=1067597927443"},{"name":"SERVICE","state":"NOT_STARTED"},{"name":"TRIGGER","state":"NOT_STARTED"}],"operationType":"CREATE_FUNCTION","buildName":"projects/1067597927443/locations/us-central1/builds/d2cadcb9-6fd7-4367-b8c0-909f6f5c4291"},"done":false}
[debug] [2026-08-31T14:02:12.833Z] [create-default-us-central1-onOfferCreatedTrigger] Retrying task index 0
[debug] [2026-08-31T14:02:12.833Z] Checked if tokens are valid: true, expires at: 1788187582862
[debug] [2026-08-31T14:02:12.833Z] Checked if tokens are valid: true, expires at: 1788187582862
[debug] [2026-08-31T14:02:12.834Z] >>> [apiv2][query] GET https://cloudfunctions.googleapis.com/v2/projects/activelink2026/locations/us-central1/operations/operation-1788184890121-65a583d2b1f07-0d71549a-8c8dfe64 [none]
[debug] [2026-08-31T14:02:13.713Z] <<< [apiv2][status] GET https://cloudfunctions.googleapis.com/v2/projects/activelink2026/locations/us-central1/operations/operation-1788184890121-65a583d2b1f07-0d71549a-8c8dfe64 200
[debug] [2026-08-31T14:02:13.713Z] <<< [apiv2][body] GET https://cloudfunctions.googleapis.com/v2/projects/activelink2026/locations/us-central1/operations/operation-1788184890121-65a583d2b1f07-0d71549a-8c8dfe64 {"name":"projects/activelink2026/locations/us-central1/operations/operation-1788184890121-65a583d2b1f07-0d71549a-8c8dfe64","metadata":{"@type":"type.googleapis.com/google.cloud.functions.v2.OperationMetadata","createTime":"2026-08-31T14:01:31.367930857Z","endTime":"2026-08-31T14:02:12.434422271Z","target":"projects/activelink2026/locations/us-central1/functions/onOfferCreatedTrigger","verb":"create","cancelRequested":false,"apiVersion":"v2","requestResource":{"@type":"type.googleapis.com/google.cloud.functions.v2.Function","name":"projects/activelink2026/locations/us-central1/functions/onOfferCreatedTrigger","buildConfig":{"runtime":"nodejs22","entryPoint":"onOfferCreatedTrigger","source":{"storageSource":{"bucket":"gcf-v2-sources-1067597927443-us-central1","object":"onOfferCreatedTrigger/function-source.zip","generation":"1788184890402192"}},"environmentVariables":{"GOOGLE_NODE_RUN_SCRIPTS":""},"serviceAccount":"projects/activelink2026/serviceAccounts/1067597927443-compute@developer.gserviceaccount.com","automaticUpdatePolicy":{}},"serviceConfig":{"service":"projects/activelink2026/locations/us-central1/services/onoffercreatedtrigger","timeoutSeconds":60,"environmentVariables":{"FIREBASE_CONFIG":"{\"projectId\":\"activelink2026\",\"storageBucket\":\"activelink2026.firebasestorage.app\"}","GCLOUD_PROJECT":"activelink2026","EVENTARC_CLOUD_EVENT_SOURCE":"projects/activelink2026/locations/us-central1/services/onOfferCreatedTrigger","FUNCTION_REGION":"us-central1","FUNCTION_SIGNATURE_TYPE":"cloudevent","FUNCTION_TARGET":"onOfferCreatedTrigger","LOG_EXECUTION_ID":"true"},"ingressSettings":"ALLOW_ALL","serviceAccountEmail":"1067597927443-compute@developer.gserviceaccount.com","availableMemory":"256Mi","maxInstanceRequestConcurrency":80,"availableCpu":"1"},"eventTrigger":{"trigger":"projects/activelink2026/locations/nam5/triggers/onoffercreatedtrigger-084385","triggerRegion":"nam5","eventType":"google.cloud.firestore.document.v1.created","eventFilters":[{"attribute":"database","value":"(default)"},{"attribute":"namespace","value":"(default)"},{"attribute":"document","value":"offers/{offerId}","operator":"match-path-pattern"}],"serviceAccountEmail":"1067597927443-compute@developer.gserviceaccount.com","retryPolicy":"RETRY_POLICY_DO_NOT_RETRY"},"labels":{"deployment-tool":"cli-firebase","firebase-functions-hash":"b5f3ab90a664c0076bac053151e82e94c3cd5a62"},"environment":"GEN_2"},"stages":[{"name":"ARTIFACT_REGISTRY","message":"Deleting function artifacts in Artifact Registry","state":"COMPLETE"},{"name":"SERVICE","message":"Deleting Cloud Run service","state":"COMPLETE","resource":"projects/activelink2026/locations/us-central1/services/onoffercreatedtrigger"},{"name":"TRIGGER","message":"Deleting Eventarc trigger","state":"COMPLETE","resource":"projects/activelink2026/locations/nam5/triggers/onoffercreatedtrigger-084385"}],"operationType":"CREATE_FUNCTION"},"done":true,"error":{"code":13,"message":"Build failed with status: FAILURE and message: An unexpected error occurred. Refer to build logs: https://console.cloud.google.com/cloud-build/builds;region=us-central1/d2cadcb9-6fd7-4367-b8c0-909f6f5c4291?project=1067597927443. For more details see the logs at https://console.cloud.google.com/cloud-build/builds;region=us-central1/d2cadcb9-6fd7-4367-b8c0-909f6f5c4291?project=1067597927443."}}
[debug] [2026-08-31T14:02:13.713Z] Got source token undefined for region us-central1
[debug] [2026-08-31T14:02:13.713Z] Checked if tokens are valid: true, expires at: 1788187582862
[debug] [2026-08-31T14:02:13.713Z] Checked if tokens are valid: true, expires at: 1788187582862
[debug] [2026-08-31T14:02:13.713Z] Checked if tokens are valid: true, expires at: 1788187582862
[debug] [2026-08-31T14:02:13.713Z] Checked if tokens are valid: true, expires at: 1788187582862
[debug] [2026-08-31T14:02:13.714Z] >>> [apiv2][query] POST https://cloudfunctions.googleapis.com/v2/projects/activelink2026/locations/us-central1/functions functionId=onOfferAcceptedTrigger
[debug] [2026-08-31T14:02:13.714Z] >>> [apiv2][body] POST https://cloudfunctions.googleapis.com/v2/projects/activelink2026/locations/us-central1/functions {"name":"projects/activelink2026/locations/us-central1/functions/onOfferAcceptedTrigger","buildConfig":{"runtime":"nodejs22","entryPoint":"onOfferAcceptedTrigger","source":{"storageSource":{"bucket":"gcf-v2-uploads-1067597927443.us-central1.cloudfunctions.appspot.com","object":"02475275-ef8e-488d-92c0-5b6659df8a03.zip"}},"environmentVariables":{"GOOGLE_NODE_RUN_SCRIPTS":""}},"serviceConfig":{"environmentVariables":{"FIREBASE_CONFIG":"{\"projectId\":\"activelink2026\",\"storageBucket\":\"activelink2026.firebasestorage.app\"}","GCLOUD_PROJECT":"activelink2026","EVENTARC_CLOUD_EVENT_SOURCE":"projects/activelink2026/locations/us-central1/services/onOfferAcceptedTrigger","FUNCTION_REGION":"us-central1","FUNCTION_SIGNATURE_TYPE":"cloudevent","FUNCTION_TARGET":"onOfferAcceptedTrigger","LOG_EXECUTION_ID":"true"},"ingressSettings":null,"timeoutSeconds":null,"serviceAccountEmail":null,"availableMemory":"256Mi","minInstanceCount":null,"maxInstanceCount":null,"maxInstanceRequestConcurrency":80,"availableCpu":"1","vpcConnector":null,"vpcConnectorEgressSettings":null,"directVpcNetworkInterface":null,"directVpcEgress":null},"labels":{"deployment-tool":"cli-firebase","firebase-functions-hash":"b5f3ab90a664c0076bac053151e82e94c3cd5a62"},"eventTrigger":{"eventType":"google.cloud.firestore.document.v1.updated","retryPolicy":"RETRY_POLICY_DO_NOT_RETRY","eventFilters":[{"attribute":"database","value":"(default)"},{"attribute":"namespace","value":"(default)"},{"attribute":"document","value":"offers/{offerId}","operator":"match-path-pattern"}],"triggerRegion":"nam5"}}
[debug] [2026-08-31T14:02:13.714Z] >>> [apiv2][query] PATCH https://cloudfunctions.googleapis.com/v2/projects/activelink2026/locations/us-central1/functions/verifyOfferOtp updateMask=name%2CbuildConfig.runtime%2CbuildConfig.entryPoint%2CbuildConfig.source.storageSource.bucket%2CbuildConfig.source.storageSource.object%2CbuildConfig.environmentVariables%2CbuildConfig.sourceToken%2CserviceConfig.environmentVariables%2CserviceConfig.ingressSettings%2CserviceConfig.timeoutSeconds%2CserviceConfig.serviceAccountEmail%2CserviceConfig.availableMemory%2CserviceConfig.minInstanceCount%2CserviceConfig.maxInstanceCount%2CserviceConfig.maxInstanceRequestConcurrency%2CserviceConfig.availableCpu%2CserviceConfig.vpcConnector%2CserviceConfig.vpcConnectorEgressSettings%2CserviceConfig.directVpcNetworkInterface%2CserviceConfig.directVpcEgress%2Clabels
[debug] [2026-08-31T14:02:13.714Z] >>> [apiv2][body] PATCH https://cloudfunctions.googleapis.com/v2/projects/activelink2026/locations/us-central1/functions/verifyOfferOtp {"name":"projects/activelink2026/locations/us-central1/functions/verifyOfferOtp","buildConfig":{"runtime":"nodejs22","entryPoint":"verifyOfferOtp","source":{"storageSource":{"bucket":"gcf-v2-uploads-1067597927443.us-central1.cloudfunctions.appspot.com","object":"02475275-ef8e-488d-92c0-5b6659df8a03.zip"}},"environmentVariables":{"GOOGLE_NODE_RUN_SCRIPTS":""}},"serviceConfig":{"environmentVariables":{"FIREBASE_CONFIG":"{\"projectId\":\"activelink2026\",\"storageBucket\":\"activelink2026.firebasestorage.app\"}","GCLOUD_PROJECT":"activelink2026","EVENTARC_CLOUD_EVENT_SOURCE":"projects/activelink2026/locations/us-central1/services/verifyOfferOtp","FUNCTION_REGION":"us-central1","FUNCTION_TARGET":"verifyOfferOtp","LOG_EXECUTION_ID":"true"},"ingressSettings":null,"timeoutSeconds":null,"serviceAccountEmail":null,"availableMemory":"256Mi","minInstanceCount":null,"maxInstanceCount":null,"maxInstanceRequestConcurrency":80,"availableCpu":"1","vpcConnector":null,"vpcConnectorEgressSettings":null,"directVpcNetworkInterface":null,"directVpcEgress":null},"labels":{"deployment-tool":"cli-firebase","deployment-callable":"true","firebase-functions-hash":"b5f3ab90a664c0076bac053151e82e94c3cd5a62"}}
[error] Build failed with status: FAILURE and message: An unexpected error occurred. Refer to build logs: https://console.cloud.google.com/cloud-build/builds;region=us-central1/d2cadcb9-6fd7-4367-b8c0-909f6f5c4291?project=1067597927443. For more details see the logs at https://console.cloud.google.com/cloud-build/builds;region=us-central1/d2cadcb9-6fd7-4367-b8c0-909f6f5c4291?project=1067597927443.
[debug] [2026-08-31T14:02:15.552Z] <<< [apiv2][status] POST https://cloudfunctions.googleapis.com/v2/projects/activelink2026/locations/us-central1/functions 200
[debug] [2026-08-31T14:02:15.552Z] <<< [apiv2][body] POST https://cloudfunctions.googleapis.com/v2/projects/activelink2026/locations/us-central1/functions {"name":"projects/activelink2026/locations/us-central1/operations/operation-1788184934407-65a583fcedef8-4aeb87c0-540b032c","metadata":{"@type":"type.googleapis.com/google.cloud.functions.v2.OperationMetadata","createTime":"2026-08-31T14:02:15.495908096Z","target":"projects/activelink2026/locations/us-central1/functions/onOfferAcceptedTrigger","verb":"create","cancelRequested":false,"apiVersion":"v2"},"done":false}
[debug] [2026-08-31T14:02:15.552Z] Checked if tokens are valid: true, expires at: 1788187582862
[debug] [2026-08-31T14:02:15.552Z] Checked if tokens are valid: true, expires at: 1788187582862
[debug] [2026-08-31T14:02:15.552Z] >>> [apiv2][query] GET https://cloudfunctions.googleapis.com/v2/projects/activelink2026/locations/us-central1/operations/operation-1788184934407-65a583fcedef8-4aeb87c0-540b032c [none]
[debug] [2026-08-31T14:02:15.680Z] <<< [apiv2][status] PATCH https://cloudfunctions.googleapis.com/v2/projects/activelink2026/locations/us-central1/functions/verifyOfferOtp 200
[debug] [2026-08-31T14:02:15.680Z] <<< [apiv2][body] PATCH https://cloudfunctions.googleapis.com/v2/projects/activelink2026/locations/us-central1/functions/verifyOfferOtp {"name":"projects/activelink2026/locations/us-central1/operations/operation-1788184934536-65a583fd0d60e-9dcca0f3-05b4ba34","metadata":{"@type":"type.googleapis.com/google.cloud.functions.v2.OperationMetadata","createTime":"2026-08-31T14:02:15.617005576Z","target":"projects/activelink2026/locations/us-central1/functions/verifyOfferOtp","verb":"update","cancelRequested":false,"apiVersion":"v2"},"done":false}
[debug] [2026-08-31T14:02:15.680Z] Checked if tokens are valid: true, expires at: 1788187582862
[debug] [2026-08-31T14:02:15.680Z] Checked if tokens are valid: true, expires at: 1788187582862
[debug] [2026-08-31T14:02:15.680Z] >>> [apiv2][query] GET https://cloudfunctions.googleapis.com/v2/projects/activelink2026/locations/us-central1/operations/operation-1788184934536-65a583fd0d60e-9dcca0f3-05b4ba34 [none]
[debug] [2026-08-31T14:02:16.279Z] <<< [apiv2][status] GET https://cloudfunctions.googleapis.com/v2/projects/activelink2026/locations/us-central1/operations/operation-1788184934407-65a583fcedef8-4aeb87c0-540b032c 200
[debug] [2026-08-31T14:02:16.279Z] <<< [apiv2][body] GET https://cloudfunctions.googleapis.com/v2/projects/activelink2026/locations/us-central1/operations/operation-1788184934407-65a583fcedef8-4aeb87c0-540b032c {"name":"projects/activelink2026/locations/us-central1/operations/operation-1788184934407-65a583fcedef8-4aeb87c0-540b032c","metadata":{"@type":"type.googleapis.com/google.cloud.functions.v2.OperationMetadata","createTime":"2026-08-31T14:02:15.495908096Z","target":"projects/activelink2026/locations/us-central1/functions/onOfferAcceptedTrigger","verb":"create","cancelRequested":false,"apiVersion":"v2","requestResource":{"@type":"type.googleapis.com/google.cloud.functions.v2.Function","name":"projects/activelink2026/locations/us-central1/functions/onOfferAcceptedTrigger","buildConfig":{"runtime":"nodejs22","entryPoint":"onOfferAcceptedTrigger","source":{"storageSource":{"bucket":"gcf-v2-sources-1067597927443-us-central1","object":"onOfferAcceptedTrigger/function-source.zip","generation":"1788184934736071"}},"environmentVariables":{"GOOGLE_NODE_RUN_SCRIPTS":""},"serviceAccount":"projects/activelink2026/serviceAccounts/1067597927443-compute@developer.gserviceaccount.com","automaticUpdatePolicy":{}},"serviceConfig":{"service":"projects/activelink2026/locations/us-central1/services/onofferacceptedtrigger","timeoutSeconds":60,"environmentVariables":{"FIREBASE_CONFIG":"{\"projectId\":\"activelink2026\",\"storageBucket\":\"activelink2026.firebasestorage.app\"}","GCLOUD_PROJECT":"activelink2026","EVENTARC_CLOUD_EVENT_SOURCE":"projects/activelink2026/locations/us-central1/services/onOfferAcceptedTrigger","FUNCTION_REGION":"us-central1","FUNCTION_SIGNATURE_TYPE":"cloudevent","FUNCTION_TARGET":"onOfferAcceptedTrigger","LOG_EXECUTION_ID":"true"},"ingressSettings":"ALLOW_ALL","serviceAccountEmail":"1067597927443-compute@developer.gserviceaccount.com","availableMemory":"256Mi","maxInstanceRequestConcurrency":80,"availableCpu":"1"},"eventTrigger":{"trigger":"projects/activelink2026/locations/nam5/triggers/onofferacceptedtrigger-028856","triggerRegion":"nam5","eventType":"google.cloud.firestore.document.v1.updated","eventFilters":[{"attribute":"database","value":"(default)"},{"attribute":"namespace","value":"(default)"},{"attribute":"document","value":"offers/{offerId}","operator":"match-path-pattern"}],"serviceAccountEmail":"1067597927443-compute@developer.gserviceaccount.com","retryPolicy":"RETRY_POLICY_DO_NOT_RETRY"},"labels":{"deployment-tool":"cli-firebase","firebase-functions-hash":"b5f3ab90a664c0076bac053151e82e94c3cd5a62"},"environment":"GEN_2"},"stages":[{"name":"BUILD","state":"NOT_STARTED"},{"name":"SERVICE","state":"NOT_STARTED"},{"name":"TRIGGER","state":"NOT_STARTED"}],"operationType":"CREATE_FUNCTION"},"done":false}
[debug] [2026-08-31T14:02:16.463Z] <<< [apiv2][status] GET https://cloudfunctions.googleapis.com/v2/projects/activelink2026/locations/us-central1/operations/operation-1788184934536-65a583fd0d60e-9dcca0f3-05b4ba34 200
[debug] [2026-08-31T14:02:16.463Z] <<< [apiv2][body] GET https://cloudfunctions.googleapis.com/v2/projects/activelink2026/locations/us-central1/operations/operation-1788184934536-65a583fd0d60e-9dcca0f3-05b4ba34 {"name":"projects/activelink2026/locations/us-central1/operations/operation-1788184934536-65a583fd0d60e-9dcca0f3-05b4ba34","metadata":{"@type":"type.googleapis.com/google.cloud.functions.v2.OperationMetadata","createTime":"2026-08-31T14:02:15.617005576Z","target":"projects/activelink2026/locations/us-central1/functions/verifyOfferOtp","verb":"update","cancelRequested":false,"apiVersion":"v2","requestResource":{"@type":"type.googleapis.com/google.cloud.functions.v2.Function","name":"projects/activelink2026/locations/us-central1/functions/verifyOfferOtp","buildConfig":{"runtime":"nodejs22","entryPoint":"verifyOfferOtp","source":{"storageSource":{"bucket":"gcf-v2-sources-1067597927443-us-central1","object":"verifyOfferOtp/function-source.zip","generation":"1788184935538437"}},"environmentVariables":{"GOOGLE_NODE_RUN_SCRIPTS":""},"dockerRepository":"projects/activelink2026/locations/us-central1/repositories/gcf-artifacts","sourceProvenance":{"resolvedStorageSource":{"bucket":"gcf-v2-sources-1067597927443-us-central1","object":"verifyOfferOtp/function-source.zip","generation":"1788183720887462"}},"dockerRegistry":"ARTIFACT_REGISTRY","serviceAccount":"projects/activelink2026/serviceAccounts/1067597927443-compute@developer.gserviceaccount.com","automaticUpdatePolicy":{}},"serviceConfig":{"service":"projects/activelink2026/locations/us-central1/services/verifyofferotp","timeoutSeconds":60,"environmentVariables":{"FIREBASE_CONFIG":"{\"projectId\":\"activelink2026\",\"storageBucket\":\"activelink2026.firebasestorage.app\"}","GCLOUD_PROJECT":"activelink2026","EVENTARC_CLOUD_EVENT_SOURCE":"projects/activelink2026/locations/us-central1/services/verifyOfferOtp","FUNCTION_REGION":"us-central1","FUNCTION_TARGET":"verifyOfferOtp","LOG_EXECUTION_ID":"true"},"ingressSettings":"ALLOW_ALL","serviceAccountEmail":"1067597927443-compute@developer.gserviceaccount.com","availableMemory":"256Mi","maxInstanceRequestConcurrency":80,"availableCpu":"1"},"state":"UNKNOWN","labels":{"deployment-callable":"true","firebase-functions-hash":"b5f3ab90a664c0076bac053151e82e94c3cd5a62"},"stateMessages":[{"severity":"ERROR","type":"CloudRunServiceNotFound","message":"Cloud Run service projects/activelink2026/locations/us-central1/services/verifyofferotp for the function was not found. The function will not work correctly. Please redeploy."}],"environment":"GEN_2","url":"https://us-central1-activelink2026.cloudfunctions.net/verifyOfferOtp","satisfiesPzi":true},"stages":[{"name":"BUILD","message":"Creating build","state":"IN_PROGRESS","resource":"projects/1067597927443/locations/us-central1/builds/89f0136b-9193-408c-b79e-fc864c669c68","resourceUri":"https://console.cloud.google.com/cloud-build/builds;region=us-central1/89f0136b-9193-408c-b79e-fc864c669c68?project=1067597927443"},{"name":"SERVICE","state":"NOT_STARTED"}],"operationType":"UPDATE_FUNCTION","buildName":"projects/1067597927443/locations/us-central1/builds/89f0136b-9193-408c-b79e-fc864c669c68"},"done":false}
[debug] [2026-08-31T14:02:16.793Z] [create-default-us-central1-onOfferAcceptedTrigger] Retrying task index 0
[debug] [2026-08-31T14:02:16.794Z] Checked if tokens are valid: true, expires at: 1788187582862
[debug] [2026-08-31T14:02:16.794Z] Checked if tokens are valid: true, expires at: 1788187582862
[debug] [2026-08-31T14:02:16.794Z] >>> [apiv2][query] GET https://cloudfunctions.googleapis.com/v2/projects/activelink2026/locations/us-central1/operations/operation-1788184934407-65a583fcedef8-4aeb87c0-540b032c [none]
[debug] [2026-08-31T14:02:16.969Z] [update-default-us-central1-verifyOfferOtp] Retrying task index 0
[debug] [2026-08-31T14:02:16.969Z] Checked if tokens are valid: true, expires at: 1788187582862
[debug] [2026-08-31T14:02:16.969Z] Checked if tokens are valid: true, expires at: 1788187582862
[debug] [2026-08-31T14:02:16.969Z] >>> [apiv2][query] GET https://cloudfunctions.googleapis.com/v2/projects/activelink2026/locations/us-central1/operations/operation-1788184934536-65a583fd0d60e-9dcca0f3-05b4ba34 [none]
[debug] [2026-08-31T14:02:17.574Z] <<< [apiv2][status] GET https://cloudfunctions.googleapis.com/v2/projects/activelink2026/locations/us-central1/operations/operation-1788184934407-65a583fcedef8-4aeb87c0-540b032c 200
[debug] [2026-08-31T14:02:17.574Z] <<< [apiv2][body] GET https://cloudfunctions.googleapis.com/v2/projects/activelink2026/locations/us-central1/operations/operation-1788184934407-65a583fcedef8-4aeb87c0-540b032c {"name":"projects/activelink2026/locations/us-central1/operations/operation-1788184934407-65a583fcedef8-4aeb87c0-540b032c","metadata":{"@type":"type.googleapis.com/google.cloud.functions.v2.OperationMetadata","createTime":"2026-08-31T14:02:15.495908096Z","target":"projects/activelink2026/locations/us-central1/functions/onOfferAcceptedTrigger","verb":"create","cancelRequested":false,"apiVersion":"v2","requestResource":{"@type":"type.googleapis.com/google.cloud.functions.v2.Function","name":"projects/activelink2026/locations/us-central1/functions/onOfferAcceptedTrigger","buildConfig":{"runtime":"nodejs22","entryPoint":"onOfferAcceptedTrigger","source":{"storageSource":{"bucket":"gcf-v2-sources-1067597927443-us-central1","object":"onOfferAcceptedTrigger/function-source.zip","generation":"1788184934736071"}},"environmentVariables":{"GOOGLE_NODE_RUN_SCRIPTS":""},"serviceAccount":"projects/activelink2026/serviceAccounts/1067597927443-compute@developer.gserviceaccount.com","automaticUpdatePolicy":{}},"serviceConfig":{"service":"projects/activelink2026/locations/us-central1/services/onofferacceptedtrigger","timeoutSeconds":60,"environmentVariables":{"FIREBASE_CONFIG":"{\"projectId\":\"activelink2026\",\"storageBucket\":\"activelink2026.firebasestorage.app\"}","GCLOUD_PROJECT":"activelink2026","EVENTARC_CLOUD_EVENT_SOURCE":"projects/activelink2026/locations/us-central1/services/onOfferAcceptedTrigger","FUNCTION_REGION":"us-central1","FUNCTION_SIGNATURE_TYPE":"cloudevent","FUNCTION_TARGET":"onOfferAcceptedTrigger","LOG_EXECUTION_ID":"true"},"ingressSettings":"ALLOW_ALL","serviceAccountEmail":"1067597927443-compute@developer.gserviceaccount.com","availableMemory":"256Mi","maxInstanceRequestConcurrency":80,"availableCpu":"1"},"eventTrigger":{"trigger":"projects/activelink2026/locations/nam5/triggers/onofferacceptedtrigger-028856","triggerRegion":"nam5","eventType":"google.cloud.firestore.document.v1.updated","eventFilters":[{"attribute":"database","value":"(default)"},{"attribute":"namespace","value":"(default)"},{"attribute":"document","value":"offers/{offerId}","operator":"match-path-pattern"}],"serviceAccountEmail":"1067597927443-compute@developer.gserviceaccount.com","retryPolicy":"RETRY_POLICY_DO_NOT_RETRY"},"labels":{"deployment-tool":"cli-firebase","firebase-functions-hash":"b5f3ab90a664c0076bac053151e82e94c3cd5a62"},"environment":"GEN_2"},"stages":[{"name":"BUILD","message":"Build in progress","state":"IN_PROGRESS","resource":"projects/1067597927443/locations/us-central1/builds/d4e5c0f6-8c26-487e-afea-4918af0805c1","resourceUri":"https://console.cloud.google.com/cloud-build/builds;region=us-central1/d4e5c0f6-8c26-487e-afea-4918af0805c1?project=1067597927443"},{"name":"SERVICE","state":"NOT_STARTED"},{"name":"TRIGGER","state":"NOT_STARTED"}],"operationType":"CREATE_FUNCTION","buildName":"projects/1067597927443/locations/us-central1/builds/d4e5c0f6-8c26-487e-afea-4918af0805c1"},"done":false}
[debug] [2026-08-31T14:02:17.795Z] <<< [apiv2][status] GET https://cloudfunctions.googleapis.com/v2/projects/activelink2026/locations/us-central1/operations/operation-1788184934536-65a583fd0d60e-9dcca0f3-05b4ba34 200
[debug] [2026-08-31T14:02:17.795Z] <<< [apiv2][body] GET https://cloudfunctions.googleapis.com/v2/projects/activelink2026/locations/us-central1/operations/operation-1788184934536-65a583fd0d60e-9dcca0f3-05b4ba34 {"name":"projects/activelink2026/locations/us-central1/operations/operation-1788184934536-65a583fd0d60e-9dcca0f3-05b4ba34","metadata":{"@type":"type.googleapis.com/google.cloud.functions.v2.OperationMetadata","createTime":"2026-08-31T14:02:15.617005576Z","target":"projects/activelink2026/locations/us-central1/functions/verifyOfferOtp","verb":"update","cancelRequested":false,"apiVersion":"v2","requestResource":{"@type":"type.googleapis.com/google.cloud.functions.v2.Function","name":"projects/activelink2026/locations/us-central1/functions/verifyOfferOtp","buildConfig":{"runtime":"nodejs22","entryPoint":"verifyOfferOtp","source":{"storageSource":{"bucket":"gcf-v2-sources-1067597927443-us-central1","object":"verifyOfferOtp/function-source.zip","generation":"1788184935538437"}},"environmentVariables":{"GOOGLE_NODE_RUN_SCRIPTS":""},"dockerRepository":"projects/activelink2026/locations/us-central1/repositories/gcf-artifacts","sourceProvenance":{"resolvedStorageSource":{"bucket":"gcf-v2-sources-1067597927443-us-central1","object":"verifyOfferOtp/function-source.zip","generation":"1788183720887462"}},"dockerRegistry":"ARTIFACT_REGISTRY","serviceAccount":"projects/activelink2026/serviceAccounts/1067597927443-compute@developer.gserviceaccount.com","automaticUpdatePolicy":{}},"serviceConfig":{"service":"projects/activelink2026/locations/us-central1/services/verifyofferotp","timeoutSeconds":60,"environmentVariables":{"FIREBASE_CONFIG":"{\"projectId\":\"activelink2026\",\"storageBucket\":\"activelink2026.firebasestorage.app\"}","GCLOUD_PROJECT":"activelink2026","EVENTARC_CLOUD_EVENT_SOURCE":"projects/activelink2026/locations/us-central1/services/verifyOfferOtp","FUNCTION_REGION":"us-central1","FUNCTION_TARGET":"verifyOfferOtp","LOG_EXECUTION_ID":"true"},"ingressSettings":"ALLOW_ALL","serviceAccountEmail":"1067597927443-compute@developer.gserviceaccount.com","availableMemory":"256Mi","maxInstanceRequestConcurrency":80,"availableCpu":"1"},"state":"UNKNOWN","labels":{"deployment-callable":"true","firebase-functions-hash":"b5f3ab90a664c0076bac053151e82e94c3cd5a62"},"stateMessages":[{"severity":"ERROR","type":"CloudRunServiceNotFound","message":"Cloud Run service projects/activelink2026/locations/us-central1/services/verifyofferotp for the function was not found. The function will not work correctly. Please redeploy."}],"environment":"GEN_2","url":"https://us-central1-activelink2026.cloudfunctions.net/verifyOfferOtp","satisfiesPzi":true},"stages":[{"name":"BUILD","message":"Build in progress","state":"IN_PROGRESS","resource":"projects/1067597927443/locations/us-central1/builds/89f0136b-9193-408c-b79e-fc864c669c68","resourceUri":"https://console.cloud.google.com/cloud-build/builds;region=us-central1/89f0136b-9193-408c-b79e-fc864c669c68?project=1067597927443"},{"name":"SERVICE","state":"NOT_STARTED"}],"operationType":"UPDATE_FUNCTION","buildName":"projects/1067597927443/locations/us-central1/builds/89f0136b-9193-408c-b79e-fc864c669c68"},"done":false}
[debug] [2026-08-31T14:02:18.590Z] [create-default-us-central1-onOfferAcceptedTrigger] Retrying task index 0
[debug] [2026-08-31T14:02:18.590Z] Checked if tokens are valid: true, expires at: 1788187582862
[debug] [2026-08-31T14:02:18.590Z] Checked if tokens are valid: true, expires at: 1788187582862
[debug] [2026-08-31T14:02:18.590Z] >>> [apiv2][query] GET https://cloudfunctions.googleapis.com/v2/projects/activelink2026/locations/us-central1/operations/operation-1788184934407-65a583fcedef8-4aeb87c0-540b032c [none]
[debug] [2026-08-31T14:02:18.798Z] [update-default-us-central1-verifyOfferOtp] Retrying task index 0
[debug] [2026-08-31T14:02:18.799Z] Checked if tokens are valid: true, expires at: 1788187582862
[debug] [2026-08-31T14:02:18.799Z] Checked if tokens are valid: true, expires at: 1788187582862
[debug] [2026-08-31T14:02:18.799Z] >>> [apiv2][query] GET https://cloudfunctions.googleapis.com/v2/projects/activelink2026/locations/us-central1/operations/operation-1788184934536-65a583fd0d60e-9dcca0f3-05b4ba34 [none]
[debug] [2026-08-31T14:02:19.040Z] <<< [apiv2][status] GET https://cloudfunctions.googleapis.com/v2/projects/activelink2026/locations/us-central1/operations/operation-1788184934536-65a583fd0d60e-9dcca0f3-05b4ba34 200
[debug] [2026-08-31T14:02:19.040Z] <<< [apiv2][body] GET https://cloudfunctions.googleapis.com/v2/projects/activelink2026/locations/us-central1/operations/operation-1788184934536-65a583fd0d60e-9dcca0f3-05b4ba34 {"name":"projects/activelink2026/locations/us-central1/operations/operation-1788184934536-65a583fd0d60e-9dcca0f3-05b4ba34","metadata":{"@type":"type.googleapis.com/google.cloud.functions.v2.OperationMetadata","createTime":"2026-08-31T14:02:15.617005576Z","target":"projects/activelink2026/locations/us-central1/functions/verifyOfferOtp","verb":"update","cancelRequested":false,"apiVersion":"v2","requestResource":{"@type":"type.googleapis.com/google.cloud.functions.v2.Function","name":"projects/activelink2026/locations/us-central1/functions/verifyOfferOtp","buildConfig":{"runtime":"nodejs22","entryPoint":"verifyOfferOtp","source":{"storageSource":{"bucket":"gcf-v2-sources-1067597927443-us-central1","object":"verifyOfferOtp/function-source.zip","generation":"1788184935538437"}},"environmentVariables":{"GOOGLE_NODE_RUN_SCRIPTS":""},"dockerRepository":"projects/activelink2026/locations/us-central1/repositories/gcf-artifacts","sourceProvenance":{"resolvedStorageSource":{"bucket":"gcf-v2-sources-1067597927443-us-central1","object":"verifyOfferOtp/function-source.zip","generation":"1788183720887462"}},"dockerRegistry":"ARTIFACT_REGISTRY","serviceAccount":"projects/activelink2026/serviceAccounts/1067597927443-compute@developer.gserviceaccount.com","automaticUpdatePolicy":{}},"serviceConfig":{"service":"projects/activelink2026/locations/us-central1/services/verifyofferotp","timeoutSeconds":60,"environmentVariables":{"FIREBASE_CONFIG":"{\"projectId\":\"activelink2026\",\"storageBucket\":\"activelink2026.firebasestorage.app\"}","GCLOUD_PROJECT":"activelink2026","EVENTARC_CLOUD_EVENT_SOURCE":"projects/activelink2026/locations/us-central1/services/verifyOfferOtp","FUNCTION_REGION":"us-central1","FUNCTION_TARGET":"verifyOfferOtp","LOG_EXECUTION_ID":"true"},"ingressSettings":"ALLOW_ALL","serviceAccountEmail":"1067597927443-compute@developer.gserviceaccount.com","availableMemory":"256Mi","maxInstanceRequestConcurrency":80,"availableCpu":"1"},"state":"UNKNOWN","labels":{"deployment-callable":"true","firebase-functions-hash":"b5f3ab90a664c0076bac053151e82e94c3cd5a62"},"stateMessages":[{"severity":"ERROR","type":"CloudRunServiceNotFound","message":"Cloud Run service projects/activelink2026/locations/us-central1/services/verifyofferotp for the function was not found. The function will not work correctly. Please redeploy."}],"environment":"GEN_2","url":"https://us-central1-activelink2026.cloudfunctions.net/verifyOfferOtp","satisfiesPzi":true},"stages":[{"name":"BUILD","message":"Build in progress","state":"IN_PROGRESS","resource":"projects/1067597927443/locations/us-central1/builds/89f0136b-9193-408c-b79e-fc864c669c68","resourceUri":"https://console.cloud.google.com/cloud-build/builds;region=us-central1/89f0136b-9193-408c-b79e-fc864c669c68?project=1067597927443"},{"name":"SERVICE","state":"NOT_STARTED"}],"operationType":"UPDATE_FUNCTION","buildName":"projects/1067597927443/locations/us-central1/builds/89f0136b-9193-408c-b79e-fc864c669c68"},"done":false}
[debug] [2026-08-31T14:02:19.338Z] <<< [apiv2][status] GET https://cloudfunctions.googleapis.com/v2/projects/activelink2026/locations/us-central1/operations/operation-1788184934407-65a583fcedef8-4aeb87c0-540b032c 200
[debug] [2026-08-31T14:02:19.338Z] <<< [apiv2][body] GET https://cloudfunctions.googleapis.com/v2/projects/activelink2026/locations/us-central1/operations/operation-1788184934407-65a583fcedef8-4aeb87c0-540b032c {"name":"projects/activelink2026/locations/us-central1/operations/operation-1788184934407-65a583fcedef8-4aeb87c0-540b032c","metadata":{"@type":"type.googleapis.com/google.cloud.functions.v2.OperationMetadata","createTime":"2026-08-31T14:02:15.495908096Z","target":"projects/activelink2026/locations/us-central1/functions/onOfferAcceptedTrigger","verb":"create","cancelRequested":false,"apiVersion":"v2","requestResource":{"@type":"type.googleapis.com/google.cloud.functions.v2.Function","name":"projects/activelink2026/locations/us-central1/functions/onOfferAcceptedTrigger","buildConfig":{"runtime":"nodejs22","entryPoint":"onOfferAcceptedTrigger","source":{"storageSource":{"bucket":"gcf-v2-sources-1067597927443-us-central1","object":"onOfferAcceptedTrigger/function-source.zip","generation":"1788184934736071"}},"environmentVariables":{"GOOGLE_NODE_RUN_SCRIPTS":""},"serviceAccount":"projects/activelink2026/serviceAccounts/1067597927443-compute@developer.gserviceaccount.com","automaticUpdatePolicy":{}},"serviceConfig":{"service":"projects/activelink2026/locations/us-central1/services/onofferacceptedtrigger","timeoutSeconds":60,"environmentVariables":{"FIREBASE_CONFIG":"{\"projectId\":\"activelink2026\",\"storageBucket\":\"activelink2026.firebasestorage.app\"}","GCLOUD_PROJECT":"activelink2026","EVENTARC_CLOUD_EVENT_SOURCE":"projects/activelink2026/locations/us-central1/services/onOfferAcceptedTrigger","FUNCTION_REGION":"us-central1","FUNCTION_SIGNATURE_TYPE":"cloudevent","FUNCTION_TARGET":"onOfferAcceptedTrigger","LOG_EXECUTION_ID":"true"},"ingressSettings":"ALLOW_ALL","serviceAccountEmail":"1067597927443-compute@developer.gserviceaccount.com","availableMemory":"256Mi","maxInstanceRequestConcurrency":80,"availableCpu":"1"},"eventTrigger":{"trigger":"projects/activelink2026/locations/nam5/triggers/onofferacceptedtrigger-028856","triggerRegion":"nam5","eventType":"google.cloud.firestore.document.v1.updated","eventFilters":[{"attribute":"database","value":"(default)"},{"attribute":"namespace","value":"(default)"},{"attribute":"document","value":"offers/{offerId}","operator":"match-path-pattern"}],"serviceAccountEmail":"1067597927443-compute@developer.gserviceaccount.com","retryPolicy":"RETRY_POLICY_DO_NOT_RETRY"},"labels":{"deployment-tool":"cli-firebase","firebase-functions-hash":"b5f3ab90a664c0076bac053151e82e94c3cd5a62"},"environment":"GEN_2"},"stages":[{"name":"BUILD","message":"Build in progress","state":"IN_PROGRESS","resource":"projects/1067597927443/locations/us-central1/builds/d4e5c0f6-8c26-487e-afea-4918af0805c1","resourceUri":"https://console.cloud.google.com/cloud-build/builds;region=us-central1/d4e5c0f6-8c26-487e-afea-4918af0805c1?project=1067597927443"},{"name":"SERVICE","state":"NOT_STARTED"},{"name":"TRIGGER","state":"NOT_STARTED"}],"operationType":"CREATE_FUNCTION","buildName":"projects/1067597927443/locations/us-central1/builds/d4e5c0f6-8c26-487e-afea-4918af0805c1"},"done":false}
[debug] [2026-08-31T14:02:21.042Z] [update-default-us-central1-verifyOfferOtp] Retrying task index 0
[debug] [2026-08-31T14:02:21.043Z] Checked if tokens are valid: true, expires at: 1788187582862
[debug] [2026-08-31T14:02:21.043Z] Checked if tokens are valid: true, expires at: 1788187582862
[debug] [2026-08-31T14:02:21.043Z] >>> [apiv2][query] GET https://cloudfunctions.googleapis.com/v2/projects/activelink2026/locations/us-central1/operations/operation-1788184934536-65a583fd0d60e-9dcca0f3-05b4ba34 [none]
[debug] [2026-08-31T14:02:21.349Z] [create-default-us-central1-onOfferAcceptedTrigger] Retrying task index 0
[debug] [2026-08-31T14:02:21.349Z] Checked if tokens are valid: true, expires at: 1788187582862
[debug] [2026-08-31T14:02:21.349Z] Checked if tokens are valid: true, expires at: 1788187582862
[debug] [2026-08-31T14:02:21.349Z] >>> [apiv2][query] GET https://cloudfunctions.googleapis.com/v2/projects/activelink2026/locations/us-central1/operations/operation-1788184934407-65a583fcedef8-4aeb87c0-540b032c [none]
[debug] [2026-08-31T14:02:21.828Z] <<< [apiv2][status] GET https://cloudfunctions.googleapis.com/v2/projects/activelink2026/locations/us-central1/operations/operation-1788184934536-65a583fd0d60e-9dcca0f3-05b4ba34 200
[debug] [2026-08-31T14:02:21.828Z] <<< [apiv2][body] GET https://cloudfunctions.googleapis.com/v2/projects/activelink2026/locations/us-central1/operations/operation-1788184934536-65a583fd0d60e-9dcca0f3-05b4ba34 {"name":"projects/activelink2026/locations/us-central1/operations/operation-1788184934536-65a583fd0d60e-9dcca0f3-05b4ba34","metadata":{"@type":"type.googleapis.com/google.cloud.functions.v2.OperationMetadata","createTime":"2026-08-31T14:02:15.617005576Z","target":"projects/activelink2026/locations/us-central1/functions/verifyOfferOtp","verb":"update","cancelRequested":false,"apiVersion":"v2","requestResource":{"@type":"type.googleapis.com/google.cloud.functions.v2.Function","name":"projects/activelink2026/locations/us-central1/functions/verifyOfferOtp","buildConfig":{"runtime":"nodejs22","entryPoint":"verifyOfferOtp","source":{"storageSource":{"bucket":"gcf-v2-sources-1067597927443-us-central1","object":"verifyOfferOtp/function-source.zip","generation":"1788184935538437"}},"environmentVariables":{"GOOGLE_NODE_RUN_SCRIPTS":""},"dockerRepository":"projects/activelink2026/locations/us-central1/repositories/gcf-artifacts","sourceProvenance":{"resolvedStorageSource":{"bucket":"gcf-v2-sources-1067597927443-us-central1","object":"verifyOfferOtp/function-source.zip","generation":"1788183720887462"}},"dockerRegistry":"ARTIFACT_REGISTRY","serviceAccount":"projects/activelink2026/serviceAccounts/1067597927443-compute@developer.gserviceaccount.com","automaticUpdatePolicy":{}},"serviceConfig":{"service":"projects/activelink2026/locations/us-central1/services/verifyofferotp","timeoutSeconds":60,"environmentVariables":{"FIREBASE_CONFIG":"{\"projectId\":\"activelink2026\",\"storageBucket\":\"activelink2026.firebasestorage.app\"}","GCLOUD_PROJECT":"activelink2026","EVENTARC_CLOUD_EVENT_SOURCE":"projects/activelink2026/locations/us-central1/services/verifyOfferOtp","FUNCTION_REGION":"us-central1","FUNCTION_TARGET":"verifyOfferOtp","LOG_EXECUTION_ID":"true"},"ingressSettings":"ALLOW_ALL","serviceAccountEmail":"1067597927443-compute@developer.gserviceaccount.com","availableMemory":"256Mi","maxInstanceRequestConcurrency":80,"availableCpu":"1"},"state":"UNKNOWN","labels":{"deployment-callable":"true","firebase-functions-hash":"b5f3ab90a664c0076bac053151e82e94c3cd5a62"},"stateMessages":[{"severity":"ERROR","type":"CloudRunServiceNotFound","message":"Cloud Run service projects/activelink2026/locations/us-central1/services/verifyofferotp for the function was not found. The function will not work correctly. Please redeploy."}],"environment":"GEN_2","url":"https://us-central1-activelink2026.cloudfunctions.net/verifyOfferOtp","satisfiesPzi":true},"stages":[{"name":"BUILD","message":"Build in progress","state":"IN_PROGRESS","resource":"projects/1067597927443/locations/us-central1/builds/89f0136b-9193-408c-b79e-fc864c669c68","resourceUri":"https://console.cloud.google.com/cloud-build/builds;region=us-central1/89f0136b-9193-408c-b79e-fc864c669c68?project=1067597927443"},{"name":"SERVICE","state":"NOT_STARTED"}],"operationType":"UPDATE_FUNCTION","buildName":"projects/1067597927443/locations/us-central1/builds/89f0136b-9193-408c-b79e-fc864c669c68"},"done":false}
[debug] [2026-08-31T14:02:22.135Z] <<< [apiv2][status] GET https://cloudfunctions.googleapis.com/v2/projects/activelink2026/locations/us-central1/operations/operation-1788184934407-65a583fcedef8-4aeb87c0-540b032c 200
[debug] [2026-08-31T14:02:22.135Z] <<< [apiv2][body] GET https://cloudfunctions.googleapis.com/v2/projects/activelink2026/locations/us-central1/operations/operation-1788184934407-65a583fcedef8-4aeb87c0-540b032c {"name":"projects/activelink2026/locations/us-central1/operations/operation-1788184934407-65a583fcedef8-4aeb87c0-540b032c","metadata":{"@type":"type.googleapis.com/google.cloud.functions.v2.OperationMetadata","createTime":"2026-08-31T14:02:15.495908096Z","target":"projects/activelink2026/locations/us-central1/functions/onOfferAcceptedTrigger","verb":"create","cancelRequested":false,"apiVersion":"v2","requestResource":{"@type":"type.googleapis.com/google.cloud.functions.v2.Function","name":"projects/activelink2026/locations/us-central1/functions/onOfferAcceptedTrigger","buildConfig":{"runtime":"nodejs22","entryPoint":"onOfferAcceptedTrigger","source":{"storageSource":{"bucket":"gcf-v2-sources-1067597927443-us-central1","object":"onOfferAcceptedTrigger/function-source.zip","generation":"1788184934736071"}},"environmentVariables":{"GOOGLE_NODE_RUN_SCRIPTS":""},"serviceAccount":"projects/activelink2026/serviceAccounts/1067597927443-compute@developer.gserviceaccount.com","automaticUpdatePolicy":{}},"serviceConfig":{"service":"projects/activelink2026/locations/us-central1/services/onofferacceptedtrigger","timeoutSeconds":60,"environmentVariables":{"FIREBASE_CONFIG":"{\"projectId\":\"activelink2026\",\"storageBucket\":\"activelink2026.firebasestorage.app\"}","GCLOUD_PROJECT":"activelink2026","EVENTARC_CLOUD_EVENT_SOURCE":"projects/activelink2026/locations/us-central1/services/onOfferAcceptedTrigger","FUNCTION_REGION":"us-central1","FUNCTION_SIGNATURE_TYPE":"cloudevent","FUNCTION_TARGET":"onOfferAcceptedTrigger","LOG_EXECUTION_ID":"true"},"ingressSettings":"ALLOW_ALL","serviceAccountEmail":"1067597927443-compute@developer.gserviceaccount.com","availableMemory":"256Mi","maxInstanceRequestConcurrency":80,"availableCpu":"1"},"eventTrigger":{"trigger":"projects/activelink2026/locations/nam5/triggers/onofferacceptedtrigger-028856","triggerRegion":"nam5","eventType":"google.cloud.firestore.document.v1.updated","eventFilters":[{"attribute":"database","value":"(default)"},{"attribute":"namespace","value":"(default)"},{"attribute":"document","value":"offers/{offerId}","operator":"match-path-pattern"}],"serviceAccountEmail":"1067597927443-compute@developer.gserviceaccount.com","retryPolicy":"RETRY_POLICY_DO_NOT_RETRY"},"labels":{"deployment-tool":"cli-firebase","firebase-functions-hash":"b5f3ab90a664c0076bac053151e82e94c3cd5a62"},"environment":"GEN_2"},"stages":[{"name":"BUILD","message":"Build in progress","state":"IN_PROGRESS","resource":"projects/1067597927443/locations/us-central1/builds/d4e5c0f6-8c26-487e-afea-4918af0805c1","resourceUri":"https://console.cloud.google.com/cloud-build/builds;region=us-central1/d4e5c0f6-8c26-487e-afea-4918af0805c1?project=1067597927443"},{"name":"SERVICE","state":"NOT_STARTED"},{"name":"TRIGGER","state":"NOT_STARTED"}],"operationType":"CREATE_FUNCTION","buildName":"projects/1067597927443/locations/us-central1/builds/d4e5c0f6-8c26-487e-afea-4918af0805c1"},"done":false}
[debug] [2026-08-31T14:02:25.842Z] [update-default-us-central1-verifyOfferOtp] Retrying task index 0
[debug] [2026-08-31T14:02:25.842Z] Checked if tokens are valid: true, expires at: 1788187582862
[debug] [2026-08-31T14:02:25.842Z] Checked if tokens are valid: true, expires at: 1788187582862
[debug] [2026-08-31T14:02:25.842Z] >>> [apiv2][query] GET https://cloudfunctions.googleapis.com/v2/projects/activelink2026/locations/us-central1/operations/operation-1788184934536-65a583fd0d60e-9dcca0f3-05b4ba34 [none]
[debug] [2026-08-31T14:02:26.147Z] [create-default-us-central1-onOfferAcceptedTrigger] Retrying task index 0
[debug] [2026-08-31T14:02:26.147Z] Checked if tokens are valid: true, expires at: 1788187582862
[debug] [2026-08-31T14:02:26.147Z] Checked if tokens are valid: true, expires at: 1788187582862
[debug] [2026-08-31T14:02:26.147Z] >>> [apiv2][query] GET https://cloudfunctions.googleapis.com/v2/projects/activelink2026/locations/us-central1/operations/operation-1788184934407-65a583fcedef8-4aeb87c0-540b032c [none]
[debug] [2026-08-31T14:02:26.674Z] <<< [apiv2][status] GET https://cloudfunctions.googleapis.com/v2/projects/activelink2026/locations/us-central1/operations/operation-1788184934536-65a583fd0d60e-9dcca0f3-05b4ba34 200
[debug] [2026-08-31T14:02:26.674Z] <<< [apiv2][body] GET https://cloudfunctions.googleapis.com/v2/projects/activelink2026/locations/us-central1/operations/operation-1788184934536-65a583fd0d60e-9dcca0f3-05b4ba34 {"name":"projects/activelink2026/locations/us-central1/operations/operation-1788184934536-65a583fd0d60e-9dcca0f3-05b4ba34","metadata":{"@type":"type.googleapis.com/google.cloud.functions.v2.OperationMetadata","createTime":"2026-08-31T14:02:15.617005576Z","target":"projects/activelink2026/locations/us-central1/functions/verifyOfferOtp","verb":"update","cancelRequested":false,"apiVersion":"v2","requestResource":{"@type":"type.googleapis.com/google.cloud.functions.v2.Function","name":"projects/activelink2026/locations/us-central1/functions/verifyOfferOtp","buildConfig":{"runtime":"nodejs22","entryPoint":"verifyOfferOtp","source":{"storageSource":{"bucket":"gcf-v2-sources-1067597927443-us-central1","object":"verifyOfferOtp/function-source.zip","generation":"1788184935538437"}},"environmentVariables":{"GOOGLE_NODE_RUN_SCRIPTS":""},"dockerRepository":"projects/activelink2026/locations/us-central1/repositories/gcf-artifacts","sourceProvenance":{"resolvedStorageSource":{"bucket":"gcf-v2-sources-1067597927443-us-central1","object":"verifyOfferOtp/function-source.zip","generation":"1788183720887462"}},"dockerRegistry":"ARTIFACT_REGISTRY","serviceAccount":"projects/activelink2026/serviceAccounts/1067597927443-compute@developer.gserviceaccount.com","automaticUpdatePolicy":{}},"serviceConfig":{"service":"projects/activelink2026/locations/us-central1/services/verifyofferotp","timeoutSeconds":60,"environmentVariables":{"FIREBASE_CONFIG":"{\"projectId\":\"activelink2026\",\"storageBucket\":\"activelink2026.firebasestorage.app\"}","GCLOUD_PROJECT":"activelink2026","EVENTARC_CLOUD_EVENT_SOURCE":"projects/activelink2026/locations/us-central1/services/verifyOfferOtp","FUNCTION_REGION":"us-central1","FUNCTION_TARGET":"verifyOfferOtp","LOG_EXECUTION_ID":"true"},"ingressSettings":"ALLOW_ALL","serviceAccountEmail":"1067597927443-compute@developer.gserviceaccount.com","availableMemory":"256Mi","maxInstanceRequestConcurrency":80,"availableCpu":"1"},"state":"UNKNOWN","labels":{"deployment-callable":"true","firebase-functions-hash":"b5f3ab90a664c0076bac053151e82e94c3cd5a62"},"stateMessages":[{"severity":"ERROR","type":"CloudRunServiceNotFound","message":"Cloud Run service projects/activelink2026/locations/us-central1/services/verifyofferotp for the function was not found. The function will not work correctly. Please redeploy."}],"environment":"GEN_2","url":"https://us-central1-activelink2026.cloudfunctions.net/verifyOfferOtp","satisfiesPzi":true},"stages":[{"name":"BUILD","message":"Build in progress","state":"IN_PROGRESS","resource":"projects/1067597927443/locations/us-central1/builds/89f0136b-9193-408c-b79e-fc864c669c68","resourceUri":"https://console.cloud.google.com/cloud-build/builds;region=us-central1/89f0136b-9193-408c-b79e-fc864c669c68?project=1067597927443"},{"name":"SERVICE","state":"NOT_STARTED"}],"operationType":"UPDATE_FUNCTION","buildName":"projects/1067597927443/locations/us-central1/builds/89f0136b-9193-408c-b79e-fc864c669c68"},"done":false}
[debug] [2026-08-31T14:02:27.051Z] <<< [apiv2][status] GET https://cloudfunctions.googleapis.com/v2/projects/activelink2026/locations/us-central1/operations/operation-1788184934407-65a583fcedef8-4aeb87c0-540b032c 200
[debug] [2026-08-31T14:02:27.051Z] <<< [apiv2][body] GET https://cloudfunctions.googleapis.com/v2/projects/activelink2026/locations/us-central1/operations/operation-1788184934407-65a583fcedef8-4aeb87c0-540b032c {"name":"projects/activelink2026/locations/us-central1/operations/operation-1788184934407-65a583fcedef8-4aeb87c0-540b032c","metadata":{"@type":"type.googleapis.com/google.cloud.functions.v2.OperationMetadata","createTime":"2026-08-31T14:02:15.495908096Z","target":"projects/activelink2026/locations/us-central1/functions/onOfferAcceptedTrigger","verb":"create","cancelRequested":false,"apiVersion":"v2","requestResource":{"@type":"type.googleapis.com/google.cloud.functions.v2.Function","name":"projects/activelink2026/locations/us-central1/functions/onOfferAcceptedTrigger","buildConfig":{"runtime":"nodejs22","entryPoint":"onOfferAcceptedTrigger","source":{"storageSource":{"bucket":"gcf-v2-sources-1067597927443-us-central1","object":"onOfferAcceptedTrigger/function-source.zip","generation":"1788184934736071"}},"environmentVariables":{"GOOGLE_NODE_RUN_SCRIPTS":""},"serviceAccount":"projects/activelink2026/serviceAccounts/1067597927443-compute@developer.gserviceaccount.com","automaticUpdatePolicy":{}},"serviceConfig":{"service":"projects/activelink2026/locations/us-central1/services/onofferacceptedtrigger","timeoutSeconds":60,"environmentVariables":{"FIREBASE_CONFIG":"{\"projectId\":\"activelink2026\",\"storageBucket\":\"activelink2026.firebasestorage.app\"}","GCLOUD_PROJECT":"activelink2026","EVENTARC_CLOUD_EVENT_SOURCE":"projects/activelink2026/locations/us-central1/services/onOfferAcceptedTrigger","FUNCTION_REGION":"us-central1","FUNCTION_SIGNATURE_TYPE":"cloudevent","FUNCTION_TARGET":"onOfferAcceptedTrigger","LOG_EXECUTION_ID":"true"},"ingressSettings":"ALLOW_ALL","serviceAccountEmail":"1067597927443-compute@developer.gserviceaccount.com","availableMemory":"256Mi","maxInstanceRequestConcurrency":80,"availableCpu":"1"},"eventTrigger":{"trigger":"projects/activelink2026/locations/nam5/triggers/onofferacceptedtrigger-028856","triggerRegion":"nam5","eventType":"google.cloud.firestore.document.v1.updated","eventFilters":[{"attribute":"database","value":"(default)"},{"attribute":"namespace","value":"(default)"},{"attribute":"document","value":"offers/{offerId}","operator":"match-path-pattern"}],"serviceAccountEmail":"1067597927443-compute@developer.gserviceaccount.com","retryPolicy":"RETRY_POLICY_DO_NOT_RETRY"},"labels":{"deployment-tool":"cli-firebase","firebase-functions-hash":"b5f3ab90a664c0076bac053151e82e94c3cd5a62"},"environment":"GEN_2"},"stages":[{"name":"BUILD","message":"Build in progress","state":"IN_PROGRESS","resource":"projects/1067597927443/locations/us-central1/builds/d4e5c0f6-8c26-487e-afea-4918af0805c1","resourceUri":"https://console.cloud.google.com/cloud-build/builds;region=us-central1/d4e5c0f6-8c26-487e-afea-4918af0805c1?project=1067597927443"},{"name":"SERVICE","state":"NOT_STARTED"},{"name":"TRIGGER","state":"NOT_STARTED"}],"operationType":"CREATE_FUNCTION","buildName":"projects/1067597927443/locations/us-central1/builds/d4e5c0f6-8c26-487e-afea-4918af0805c1"},"done":false}
[debug] [2026-08-31T14:02:34.676Z] [update-default-us-central1-verifyOfferOtp] Retrying task index 0
[debug] [2026-08-31T14:02:34.677Z] Checked if tokens are valid: true, expires at: 1788187582862
[debug] [2026-08-31T14:02:34.677Z] Checked if tokens are valid: true, expires at: 1788187582862
[debug] [2026-08-31T14:02:34.677Z] >>> [apiv2][query] GET https://cloudfunctions.googleapis.com/v2/projects/activelink2026/locations/us-central1/operations/operation-1788184934536-65a583fd0d60e-9dcca0f3-05b4ba34 [none]
[debug] [2026-08-31T14:02:35.062Z] [create-default-us-central1-onOfferAcceptedTrigger] Retrying task index 0
[debug] [2026-08-31T14:02:35.063Z] Checked if tokens are valid: true, expires at: 1788187582862
[debug] [2026-08-31T14:02:35.063Z] Checked if tokens are valid: true, expires at: 1788187582862
[debug] [2026-08-31T14:02:35.063Z] >>> [apiv2][query] GET https://cloudfunctions.googleapis.com/v2/projects/activelink2026/locations/us-central1/operations/operation-1788184934407-65a583fcedef8-4aeb87c0-540b032c [none]
[debug] [2026-08-31T14:02:35.672Z] <<< [apiv2][status] GET https://cloudfunctions.googleapis.com/v2/projects/activelink2026/locations/us-central1/operations/operation-1788184934536-65a583fd0d60e-9dcca0f3-05b4ba34 200
[debug] [2026-08-31T14:02:35.672Z] <<< [apiv2][body] GET https://cloudfunctions.googleapis.com/v2/projects/activelink2026/locations/us-central1/operations/operation-1788184934536-65a583fd0d60e-9dcca0f3-05b4ba34 {"name":"projects/activelink2026/locations/us-central1/operations/operation-1788184934536-65a583fd0d60e-9dcca0f3-05b4ba34","metadata":{"@type":"type.googleapis.com/google.cloud.functions.v2.OperationMetadata","createTime":"2026-08-31T14:02:15.617005576Z","target":"projects/activelink2026/locations/us-central1/functions/verifyOfferOtp","verb":"update","cancelRequested":false,"apiVersion":"v2","requestResource":{"@type":"type.googleapis.com/google.cloud.functions.v2.Function","name":"projects/activelink2026/locations/us-central1/functions/verifyOfferOtp","buildConfig":{"runtime":"nodejs22","entryPoint":"verifyOfferOtp","source":{"storageSource":{"bucket":"gcf-v2-sources-1067597927443-us-central1","object":"verifyOfferOtp/function-source.zip","generation":"1788184935538437"}},"environmentVariables":{"GOOGLE_NODE_RUN_SCRIPTS":""},"dockerRepository":"projects/activelink2026/locations/us-central1/repositories/gcf-artifacts","sourceProvenance":{"resolvedStorageSource":{"bucket":"gcf-v2-sources-1067597927443-us-central1","object":"verifyOfferOtp/function-source.zip","generation":"1788183720887462"}},"dockerRegistry":"ARTIFACT_REGISTRY","serviceAccount":"projects/activelink2026/serviceAccounts/1067597927443-compute@developer.gserviceaccount.com","automaticUpdatePolicy":{}},"serviceConfig":{"service":"projects/activelink2026/locations/us-central1/services/verifyofferotp","timeoutSeconds":60,"environmentVariables":{"FIREBASE_CONFIG":"{\"projectId\":\"activelink2026\",\"storageBucket\":\"activelink2026.firebasestorage.app\"}","GCLOUD_PROJECT":"activelink2026","EVENTARC_CLOUD_EVENT_SOURCE":"projects/activelink2026/locations/us-central1/services/verifyOfferOtp","FUNCTION_REGION":"us-central1","FUNCTION_TARGET":"verifyOfferOtp","LOG_EXECUTION_ID":"true"},"ingressSettings":"ALLOW_ALL","serviceAccountEmail":"1067597927443-compute@developer.gserviceaccount.com","availableMemory":"256Mi","maxInstanceRequestConcurrency":80,"availableCpu":"1"},"state":"UNKNOWN","labels":{"deployment-callable":"true","firebase-functions-hash":"b5f3ab90a664c0076bac053151e82e94c3cd5a62"},"stateMessages":[{"severity":"ERROR","type":"CloudRunServiceNotFound","message":"Cloud Run service projects/activelink2026/locations/us-central1/services/verifyofferotp for the function was not found. The function will not work correctly. Please redeploy."}],"environment":"GEN_2","url":"https://us-central1-activelink2026.cloudfunctions.net/verifyOfferOtp","satisfiesPzi":true},"stages":[{"name":"BUILD","message":"Build in progress","state":"IN_PROGRESS","resource":"projects/1067597927443/locations/us-central1/builds/89f0136b-9193-408c-b79e-fc864c669c68","resourceUri":"https://console.cloud.google.com/cloud-build/builds;region=us-central1/89f0136b-9193-408c-b79e-fc864c669c68?project=1067597927443"},{"name":"SERVICE","state":"NOT_STARTED"}],"operationType":"UPDATE_FUNCTION","buildName":"projects/1067597927443/locations/us-central1/builds/89f0136b-9193-408c-b79e-fc864c669c68"},"done":false}
[debug] [2026-08-31T14:02:35.903Z] <<< [apiv2][status] GET https://cloudfunctions.googleapis.com/v2/projects/activelink2026/locations/us-central1/operations/operation-1788184934407-65a583fcedef8-4aeb87c0-540b032c 200
[debug] [2026-08-31T14:02:35.903Z] <<< [apiv2][body] GET https://cloudfunctions.googleapis.com/v2/projects/activelink2026/locations/us-central1/operations/operation-1788184934407-65a583fcedef8-4aeb87c0-540b032c {"name":"projects/activelink2026/locations/us-central1/operations/operation-1788184934407-65a583fcedef8-4aeb87c0-540b032c","metadata":{"@type":"type.googleapis.com/google.cloud.functions.v2.OperationMetadata","createTime":"2026-08-31T14:02:15.495908096Z","target":"projects/activelink2026/locations/us-central1/functions/onOfferAcceptedTrigger","verb":"create","cancelRequested":false,"apiVersion":"v2","requestResource":{"@type":"type.googleapis.com/google.cloud.functions.v2.Function","name":"projects/activelink2026/locations/us-central1/functions/onOfferAcceptedTrigger","buildConfig":{"runtime":"nodejs22","entryPoint":"onOfferAcceptedTrigger","source":{"storageSource":{"bucket":"gcf-v2-sources-1067597927443-us-central1","object":"onOfferAcceptedTrigger/function-source.zip","generation":"1788184934736071"}},"environmentVariables":{"GOOGLE_NODE_RUN_SCRIPTS":""},"serviceAccount":"projects/activelink2026/serviceAccounts/1067597927443-compute@developer.gserviceaccount.com","automaticUpdatePolicy":{}},"serviceConfig":{"service":"projects/activelink2026/locations/us-central1/services/onofferacceptedtrigger","timeoutSeconds":60,"environmentVariables":{"FIREBASE_CONFIG":"{\"projectId\":\"activelink2026\",\"storageBucket\":\"activelink2026.firebasestorage.app\"}","GCLOUD_PROJECT":"activelink2026","EVENTARC_CLOUD_EVENT_SOURCE":"projects/activelink2026/locations/us-central1/services/onOfferAcceptedTrigger","FUNCTION_REGION":"us-central1","FUNCTION_SIGNATURE_TYPE":"cloudevent","FUNCTION_TARGET":"onOfferAcceptedTrigger","LOG_EXECUTION_ID":"true"},"ingressSettings":"ALLOW_ALL","serviceAccountEmail":"1067597927443-compute@developer.gserviceaccount.com","availableMemory":"256Mi","maxInstanceRequestConcurrency":80,"availableCpu":"1"},"eventTrigger":{"trigger":"projects/activelink2026/locations/nam5/triggers/onofferacceptedtrigger-028856","triggerRegion":"nam5","eventType":"google.cloud.firestore.document.v1.updated","eventFilters":[{"attribute":"database","value":"(default)"},{"attribute":"namespace","value":"(default)"},{"attribute":"document","value":"offers/{offerId}","operator":"match-path-pattern"}],"serviceAccountEmail":"1067597927443-compute@developer.gserviceaccount.com","retryPolicy":"RETRY_POLICY_DO_NOT_RETRY"},"labels":{"deployment-tool":"cli-firebase","firebase-functions-hash":"b5f3ab90a664c0076bac053151e82e94c3cd5a62"},"environment":"GEN_2"},"stages":[{"name":"BUILD","message":"Build in progress","state":"IN_PROGRESS","resource":"projects/1067597927443/locations/us-central1/builds/d4e5c0f6-8c26-487e-afea-4918af0805c1","resourceUri":"https://console.cloud.google.com/cloud-build/builds;region=us-central1/d4e5c0f6-8c26-487e-afea-4918af0805c1?project=1067597927443"},{"name":"SERVICE","state":"NOT_STARTED"},{"name":"TRIGGER","state":"NOT_STARTED"}],"operationType":"CREATE_FUNCTION","buildName":"projects/1067597927443/locations/us-central1/builds/d4e5c0f6-8c26-487e-afea-4918af0805c1"},"done":false}
[debug] [2026-08-31T14:02:45.684Z] [update-default-us-central1-verifyOfferOtp] Retrying task index 0
[debug] [2026-08-31T14:02:45.684Z] Checked if tokens are valid: true, expires at: 1788187582862
[debug] [2026-08-31T14:02:45.684Z] Checked if tokens are valid: true, expires at: 1788187582862
[debug] [2026-08-31T14:02:45.684Z] >>> [apiv2][query] GET https://cloudfunctions.googleapis.com/v2/projects/activelink2026/locations/us-central1/operations/operation-1788184934536-65a583fd0d60e-9dcca0f3-05b4ba34 [none]
[debug] [2026-08-31T14:02:45.908Z] [create-default-us-central1-onOfferAcceptedTrigger] Retrying task index 0
[debug] [2026-08-31T14:02:45.908Z] Checked if tokens are valid: true, expires at: 1788187582862
[debug] [2026-08-31T14:02:45.908Z] Checked if tokens are valid: true, expires at: 1788187582862
[debug] [2026-08-31T14:02:45.908Z] >>> [apiv2][query] GET https://cloudfunctions.googleapis.com/v2/projects/activelink2026/locations/us-central1/operations/operation-1788184934407-65a583fcedef8-4aeb87c0-540b032c [none]
[debug] [2026-08-31T14:02:46.138Z] <<< [apiv2][status] GET https://cloudfunctions.googleapis.com/v2/projects/activelink2026/locations/us-central1/operations/operation-1788184934536-65a583fd0d60e-9dcca0f3-05b4ba34 200
[debug] [2026-08-31T14:02:46.138Z] <<< [apiv2][body] GET https://cloudfunctions.googleapis.com/v2/projects/activelink2026/locations/us-central1/operations/operation-1788184934536-65a583fd0d60e-9dcca0f3-05b4ba34 {"name":"projects/activelink2026/locations/us-central1/operations/operation-1788184934536-65a583fd0d60e-9dcca0f3-05b4ba34","metadata":{"@type":"type.googleapis.com/google.cloud.functions.v2.OperationMetadata","createTime":"2026-08-31T14:02:15.617005576Z","target":"projects/activelink2026/locations/us-central1/functions/verifyOfferOtp","verb":"update","cancelRequested":false,"apiVersion":"v2","requestResource":{"@type":"type.googleapis.com/google.cloud.functions.v2.Function","name":"projects/activelink2026/locations/us-central1/functions/verifyOfferOtp","buildConfig":{"runtime":"nodejs22","entryPoint":"verifyOfferOtp","source":{"storageSource":{"bucket":"gcf-v2-sources-1067597927443-us-central1","object":"verifyOfferOtp/function-source.zip","generation":"1788184935538437"}},"environmentVariables":{"GOOGLE_NODE_RUN_SCRIPTS":""},"dockerRepository":"projects/activelink2026/locations/us-central1/repositories/gcf-artifacts","sourceProvenance":{"resolvedStorageSource":{"bucket":"gcf-v2-sources-1067597927443-us-central1","object":"verifyOfferOtp/function-source.zip","generation":"1788183720887462"}},"dockerRegistry":"ARTIFACT_REGISTRY","serviceAccount":"projects/activelink2026/serviceAccounts/1067597927443-compute@developer.gserviceaccount.com","automaticUpdatePolicy":{}},"serviceConfig":{"service":"projects/activelink2026/locations/us-central1/services/verifyofferotp","timeoutSeconds":60,"environmentVariables":{"FIREBASE_CONFIG":"{\"projectId\":\"activelink2026\",\"storageBucket\":\"activelink2026.firebasestorage.app\"}","GCLOUD_PROJECT":"activelink2026","EVENTARC_CLOUD_EVENT_SOURCE":"projects/activelink2026/locations/us-central1/services/verifyOfferOtp","FUNCTION_REGION":"us-central1","FUNCTION_TARGET":"verifyOfferOtp","LOG_EXECUTION_ID":"true"},"ingressSettings":"ALLOW_ALL","serviceAccountEmail":"1067597927443-compute@developer.gserviceaccount.com","availableMemory":"256Mi","maxInstanceRequestConcurrency":80,"availableCpu":"1"},"state":"UNKNOWN","labels":{"deployment-callable":"true","firebase-functions-hash":"b5f3ab90a664c0076bac053151e82e94c3cd5a62"},"stateMessages":[{"severity":"ERROR","type":"CloudRunServiceNotFound","message":"Cloud Run service projects/activelink2026/locations/us-central1/services/verifyofferotp for the function was not found. The function will not work correctly. Please redeploy."}],"environment":"GEN_2","url":"https://us-central1-activelink2026.cloudfunctions.net/verifyOfferOtp","satisfiesPzi":true},"stages":[{"name":"BUILD","message":"Build in progress","state":"IN_PROGRESS","resource":"projects/1067597927443/locations/us-central1/builds/89f0136b-9193-408c-b79e-fc864c669c68","resourceUri":"https://console.cloud.google.com/cloud-build/builds;region=us-central1/89f0136b-9193-408c-b79e-fc864c669c68?project=1067597927443"},{"name":"SERVICE","state":"NOT_STARTED"}],"operationType":"UPDATE_FUNCTION","buildName":"projects/1067597927443/locations/us-central1/builds/89f0136b-9193-408c-b79e-fc864c669c68"},"done":false}
[debug] [2026-08-31T14:02:46.772Z] <<< [apiv2][status] GET https://cloudfunctions.googleapis.com/v2/projects/activelink2026/locations/us-central1/operations/operation-1788184934407-65a583fcedef8-4aeb87c0-540b032c 200
[debug] [2026-08-31T14:02:46.772Z] <<< [apiv2][body] GET https://cloudfunctions.googleapis.com/v2/projects/activelink2026/locations/us-central1/operations/operation-1788184934407-65a583fcedef8-4aeb87c0-540b032c {"name":"projects/activelink2026/locations/us-central1/operations/operation-1788184934407-65a583fcedef8-4aeb87c0-540b032c","metadata":{"@type":"type.googleapis.com/google.cloud.functions.v2.OperationMetadata","createTime":"2026-08-31T14:02:15.495908096Z","target":"projects/activelink2026/locations/us-central1/functions/onOfferAcceptedTrigger","verb":"create","cancelRequested":false,"apiVersion":"v2","requestResource":{"@type":"type.googleapis.com/google.cloud.functions.v2.Function","name":"projects/activelink2026/locations/us-central1/functions/onOfferAcceptedTrigger","buildConfig":{"runtime":"nodejs22","entryPoint":"onOfferAcceptedTrigger","source":{"storageSource":{"bucket":"gcf-v2-sources-1067597927443-us-central1","object":"onOfferAcceptedTrigger/function-source.zip","generation":"1788184934736071"}},"environmentVariables":{"GOOGLE_NODE_RUN_SCRIPTS":""},"serviceAccount":"projects/activelink2026/serviceAccounts/1067597927443-compute@developer.gserviceaccount.com","automaticUpdatePolicy":{}},"serviceConfig":{"service":"projects/activelink2026/locations/us-central1/services/onofferacceptedtrigger","timeoutSeconds":60,"environmentVariables":{"FIREBASE_CONFIG":"{\"projectId\":\"activelink2026\",\"storageBucket\":\"activelink2026.firebasestorage.app\"}","GCLOUD_PROJECT":"activelink2026","EVENTARC_CLOUD_EVENT_SOURCE":"projects/activelink2026/locations/us-central1/services/onOfferAcceptedTrigger","FUNCTION_REGION":"us-central1","FUNCTION_SIGNATURE_TYPE":"cloudevent","FUNCTION_TARGET":"onOfferAcceptedTrigger","LOG_EXECUTION_ID":"true"},"ingressSettings":"ALLOW_ALL","serviceAccountEmail":"1067597927443-compute@developer.gserviceaccount.com","availableMemory":"256Mi","maxInstanceRequestConcurrency":80,"availableCpu":"1"},"eventTrigger":{"trigger":"projects/activelink2026/locations/nam5/triggers/onofferacceptedtrigger-028856","triggerRegion":"nam5","eventType":"google.cloud.firestore.document.v1.updated","eventFilters":[{"attribute":"database","value":"(default)"},{"attribute":"namespace","value":"(default)"},{"attribute":"document","value":"offers/{offerId}","operator":"match-path-pattern"}],"serviceAccountEmail":"1067597927443-compute@developer.gserviceaccount.com","retryPolicy":"RETRY_POLICY_DO_NOT_RETRY"},"labels":{"deployment-tool":"cli-firebase","firebase-functions-hash":"b5f3ab90a664c0076bac053151e82e94c3cd5a62"},"environment":"GEN_2"},"stages":[{"name":"BUILD","message":"Build in progress","state":"IN_PROGRESS","resource":"projects/1067597927443/locations/us-central1/builds/d4e5c0f6-8c26-487e-afea-4918af0805c1","resourceUri":"https://console.cloud.google.com/cloud-build/builds;region=us-central1/d4e5c0f6-8c26-487e-afea-4918af0805c1?project=1067597927443"},{"name":"SERVICE","state":"NOT_STARTED"},{"name":"TRIGGER","state":"NOT_STARTED"}],"operationType":"CREATE_FUNCTION","buildName":"projects/1067597927443/locations/us-central1/builds/d4e5c0f6-8c26-487e-afea-4918af0805c1"},"done":false}
[debug] [2026-08-31T14:02:56.144Z] [update-default-us-central1-verifyOfferOtp] Retrying task index 0
[debug] [2026-08-31T14:02:56.144Z] Checked if tokens are valid: true, expires at: 1788187582862
[debug] [2026-08-31T14:02:56.144Z] Checked if tokens are valid: true, expires at: 1788187582862
[debug] [2026-08-31T14:02:56.144Z] >>> [apiv2][query] GET https://cloudfunctions.googleapis.com/v2/projects/activelink2026/locations/us-central1/operations/operation-1788184934536-65a583fd0d60e-9dcca0f3-05b4ba34 [none]
[debug] [2026-08-31T14:02:56.500Z] <<< [apiv2][status] GET https://cloudfunctions.googleapis.com/v2/projects/activelink2026/locations/us-central1/operations/operation-1788184934536-65a583fd0d60e-9dcca0f3-05b4ba34 200
[debug] [2026-08-31T14:02:56.501Z] <<< [apiv2][body] GET https://cloudfunctions.googleapis.com/v2/projects/activelink2026/locations/us-central1/operations/operation-1788184934536-65a583fd0d60e-9dcca0f3-05b4ba34 {"name":"projects/activelink2026/locations/us-central1/operations/operation-1788184934536-65a583fd0d60e-9dcca0f3-05b4ba34","metadata":{"@type":"type.googleapis.com/google.cloud.functions.v2.OperationMetadata","createTime":"2026-08-31T14:02:15.617005576Z","endTime":"2026-08-31T14:02:48.067337023Z","target":"projects/activelink2026/locations/us-central1/functions/verifyOfferOtp","verb":"update","cancelRequested":false,"apiVersion":"v2","requestResource":{"@type":"type.googleapis.com/google.cloud.functions.v2.Function","name":"projects/activelink2026/locations/us-central1/functions/verifyOfferOtp","buildConfig":{"runtime":"nodejs22","entryPoint":"verifyOfferOtp","source":{"storageSource":{"bucket":"gcf-v2-sources-1067597927443-us-central1","object":"verifyOfferOtp/function-source.zip","generation":"1788184935538437"}},"environmentVariables":{"GOOGLE_NODE_RUN_SCRIPTS":""},"dockerRepository":"projects/activelink2026/locations/us-central1/repositories/gcf-artifacts","sourceProvenance":{"resolvedStorageSource":{"bucket":"gcf-v2-sources-1067597927443-us-central1","object":"verifyOfferOtp/function-source.zip","generation":"1788183720887462"}},"dockerRegistry":"ARTIFACT_REGISTRY","serviceAccount":"projects/activelink2026/serviceAccounts/1067597927443-compute@developer.gserviceaccount.com","automaticUpdatePolicy":{}},"serviceConfig":{"service":"projects/activelink2026/locations/us-central1/services/verifyofferotp","timeoutSeconds":60,"environmentVariables":{"FIREBASE_CONFIG":"{\"projectId\":\"activelink2026\",\"storageBucket\":\"activelink2026.firebasestorage.app\"}","GCLOUD_PROJECT":"activelink2026","EVENTARC_CLOUD_EVENT_SOURCE":"projects/activelink2026/locations/us-central1/services/verifyOfferOtp","FUNCTION_REGION":"us-central1","FUNCTION_TARGET":"verifyOfferOtp","LOG_EXECUTION_ID":"true"},"ingressSettings":"ALLOW_ALL","serviceAccountEmail":"1067597927443-compute@developer.gserviceaccount.com","availableMemory":"256Mi","maxInstanceRequestConcurrency":80,"availableCpu":"1"},"state":"UNKNOWN","labels":{"deployment-callable":"true","firebase-functions-hash":"b5f3ab90a664c0076bac053151e82e94c3cd5a62"},"stateMessages":[{"severity":"ERROR","type":"CloudRunServiceNotFound","message":"Cloud Run service projects/activelink2026/locations/us-central1/services/verifyofferotp for the function was not found. The function will not work correctly. Please redeploy."}],"environment":"GEN_2","url":"https://us-central1-activelink2026.cloudfunctions.net/verifyOfferOtp","satisfiesPzi":true},"stages":[{"name":"SERVICE","state":"NOT_STARTED"}],"operationType":"UPDATE_FUNCTION"},"done":true,"error":{"code":13,"message":"Build failed with status: FAILURE and message: An unexpected error occurred. Refer to build logs: https://console.cloud.google.com/cloud-build/builds;region=us-central1/89f0136b-9193-408c-b79e-fc864c669c68?project=1067597927443. For more details see the logs at https://console.cloud.google.com/cloud-build/builds;region=us-central1/89f0136b-9193-408c-b79e-fc864c669c68?project=1067597927443."}}
[debug] [2026-08-31T14:02:56.501Z] Got source token undefined for region us-central1
[error] Build failed with status: FAILURE and message: An unexpected error occurred. Refer to build logs: https://console.cloud.google.com/cloud-build/builds;region=us-central1/89f0136b-9193-408c-b79e-fc864c669c68?project=1067597927443. For more details see the logs at https://console.cloud.google.com/cloud-build/builds;region=us-central1/89f0136b-9193-408c-b79e-fc864c669c68?project=1067597927443.
[debug] [2026-08-31T14:02:56.784Z] [create-default-us-central1-onOfferAcceptedTrigger] Retrying task index 0
[debug] [2026-08-31T14:02:56.784Z] Checked if tokens are valid: true, expires at: 1788187582862
[debug] [2026-08-31T14:02:56.784Z] Checked if tokens are valid: true, expires at: 1788187582862
[debug] [2026-08-31T14:02:56.784Z] >>> [apiv2][query] GET https://cloudfunctions.googleapis.com/v2/projects/activelink2026/locations/us-central1/operations/operation-1788184934407-65a583fcedef8-4aeb87c0-540b032c [none]
[debug] [2026-08-31T14:02:57.534Z] <<< [apiv2][status] GET https://cloudfunctions.googleapis.com/v2/projects/activelink2026/locations/us-central1/operations/operation-1788184934407-65a583fcedef8-4aeb87c0-540b032c 200
[debug] [2026-08-31T14:02:57.534Z] <<< [apiv2][body] GET https://cloudfunctions.googleapis.com/v2/projects/activelink2026/locations/us-central1/operations/operation-1788184934407-65a583fcedef8-4aeb87c0-540b032c {"name":"projects/activelink2026/locations/us-central1/operations/operation-1788184934407-65a583fcedef8-4aeb87c0-540b032c","metadata":{"@type":"type.googleapis.com/google.cloud.functions.v2.OperationMetadata","createTime":"2026-08-31T14:02:15.495908096Z","endTime":"2026-08-31T14:02:52.885764327Z","target":"projects/activelink2026/locations/us-central1/functions/onOfferAcceptedTrigger","verb":"create","cancelRequested":false,"apiVersion":"v2","requestResource":{"@type":"type.googleapis.com/google.cloud.functions.v2.Function","name":"projects/activelink2026/locations/us-central1/functions/onOfferAcceptedTrigger","buildConfig":{"runtime":"nodejs22","entryPoint":"onOfferAcceptedTrigger","source":{"storageSource":{"bucket":"gcf-v2-sources-1067597927443-us-central1","object":"onOfferAcceptedTrigger/function-source.zip","generation":"1788184934736071"}},"environmentVariables":{"GOOGLE_NODE_RUN_SCRIPTS":""},"serviceAccount":"projects/activelink2026/serviceAccounts/1067597927443-compute@developer.gserviceaccount.com","automaticUpdatePolicy":{}},"serviceConfig":{"service":"projects/activelink2026/locations/us-central1/services/onofferacceptedtrigger","timeoutSeconds":60,"environmentVariables":{"FIREBASE_CONFIG":"{\"projectId\":\"activelink2026\",\"storageBucket\":\"activelink2026.firebasestorage.app\"}","GCLOUD_PROJECT":"activelink2026","EVENTARC_CLOUD_EVENT_SOURCE":"projects/activelink2026/locations/us-central1/services/onOfferAcceptedTrigger","FUNCTION_REGION":"us-central1","FUNCTION_SIGNATURE_TYPE":"cloudevent","FUNCTION_TARGET":"onOfferAcceptedTrigger","LOG_EXECUTION_ID":"true"},"ingressSettings":"ALLOW_ALL","serviceAccountEmail":"1067597927443-compute@developer.gserviceaccount.com","availableMemory":"256Mi","maxInstanceRequestConcurrency":80,"availableCpu":"1"},"eventTrigger":{"trigger":"projects/activelink2026/locations/nam5/triggers/onofferacceptedtrigger-028856","triggerRegion":"nam5","eventType":"google.cloud.firestore.document.v1.updated","eventFilters":[{"attribute":"database","value":"(default)"},{"attribute":"namespace","value":"(default)"},{"attribute":"document","value":"offers/{offerId}","operator":"match-path-pattern"}],"serviceAccountEmail":"1067597927443-compute@developer.gserviceaccount.com","retryPolicy":"RETRY_POLICY_DO_NOT_RETRY"},"labels":{"deployment-tool":"cli-firebase","firebase-functions-hash":"b5f3ab90a664c0076bac053151e82e94c3cd5a62"},"environment":"GEN_2"},"stages":[{"name":"ARTIFACT_REGISTRY","message":"Deleting function artifacts in Artifact Registry","state":"COMPLETE"},{"name":"SERVICE","message":"Deleting Cloud Run service","state":"COMPLETE","resource":"projects/activelink2026/locations/us-central1/services/onofferacceptedtrigger"},{"name":"TRIGGER","message":"Deleting Eventarc trigger","state":"COMPLETE","resource":"projects/activelink2026/locations/nam5/triggers/onofferacceptedtrigger-028856"}],"operationType":"CREATE_FUNCTION"},"done":true,"error":{"code":13,"message":"Build failed with status: FAILURE and message: An unexpected error occurred. Refer to build logs: https://console.cloud.google.com/cloud-build/builds;region=us-central1/d4e5c0f6-8c26-487e-afea-4918af0805c1?project=1067597927443. For more details see the logs at https://console.cloud.google.com/cloud-build/builds;region=us-central1/d4e5c0f6-8c26-487e-afea-4918af0805c1?project=1067597927443."}}
[debug] [2026-08-31T14:02:57.534Z] Got source token undefined for region us-central1
[error] Build failed with status: FAILURE and message: An unexpected error occurred. Refer to build logs: https://console.cloud.google.com/cloud-build/builds;region=us-central1/d4e5c0f6-8c26-487e-afea-4918af0805c1?project=1067597927443. For more details see the logs at https://console.cloud.google.com/cloud-build/builds;region=us-central1/d4e5c0f6-8c26-487e-afea-4918af0805c1?project=1067597927443.
[warn] !  functions: Deploys failed. Skipping deletes. 
[debug] [2026-08-31T14:02:57.539Z] Total Function Deployment time: 87596
[debug] [2026-08-31T14:02:57.539Z] 3 Functions Deployed
[debug] [2026-08-31T14:02:57.539Z] 3 Functions Errored
[debug] [2026-08-31T14:02:57.539Z] 0 Function Deployments Aborted
[debug] [2026-08-31T14:02:57.539Z] Average Function Deployment time: 72643
[info] 
[info] Functions deploy had errors with the following functions:
	onOfferAcceptedTrigger(us-central1)
	onOfferCreatedTrigger(us-central1)
	verifyOfferOtp(us-central1)
[debug] [2026-08-31T14:02:57.540Z] Checked if tokens are valid: true, expires at: 1788187582862
[debug] [2026-08-31T14:02:57.540Z] Checked if tokens are valid: true, expires at: 1788187582862
[debug] [2026-08-31T14:02:57.540Z] >>> [apiv2][query] GET https://artifactregistry.googleapis.com/v1/projects/activelink2026/locations/us-central1/repositories/gcf-artifacts [none]
[debug] [2026-08-31T14:02:58.499Z] <<< [apiv2][status] GET https://artifactregistry.googleapis.com/v1/projects/activelink2026/locations/us-central1/repositories/gcf-artifacts 200
[debug] [2026-08-31T14:02:58.499Z] <<< [apiv2][body] GET https://artifactregistry.googleapis.com/v1/projects/activelink2026/locations/us-central1/repositories/gcf-artifacts {"name":"projects/activelink2026/locations/us-central1/repositories/gcf-artifacts","format":"DOCKER","description":"This repository is created and used by Cloud Functions for storing function docker images.","labels":{"goog-managed-by":"cloudfunctions"},"createTime":"2026-08-31T13:02:01.615786Z","updateTime":"2026-08-31T13:19:42.067005Z","mode":"STANDARD_REPOSITORY","cleanupPolicies":{"firebase-functions-cleanup":{"id":"firebase-functions-cleanup","action":"DELETE","condition":{"tagState":"ANY","olderThan":"86400s"}}},"vulnerabilityScanningConfig":{"lastEnableTime":"2026-08-31T13:01:52.490359260Z","enablementState":"SCANNING_DISABLED","enablementStateReason":"API containerscanning.googleapis.com is not enabled."},"satisfiesPzi":true,"registryUri":"us-central1-docker.pkg.dev/activelink2026/gcf-artifacts"}
[debug] [2026-08-31T14:02:58.499Z] Functions deploy failed.
[debug] [2026-08-31T14:02:58.499Z] {
  "endpoint": {
    "id": "onOfferCreatedTrigger",
    "project": "activelink2026",
    "region": "us-central1",
    "entryPoint": "onOfferCreatedTrigger",
    "platform": "gcfv2",
    "runtime": "nodejs22",
    "eventTrigger": {
      "eventType": "google.cloud.firestore.document.v1.created",
      "retry": false,
      "eventFilters": {
        "database": "(default)",
        "namespace": "(default)"
      },
      "eventFilterPathPatterns": {
        "document": "offers/{offerId}"
      },
      "region": "nam5"
    },
    "labels": {
      "deployment-tool": "cli-firebase"
    },
    "serviceAccount": null,
    "ingressSettings": null,
    "availableMemoryMb": null,
    "timeoutSeconds": null,
    "maxInstances": null,
    "minInstances": null,
    "concurrency": 80,
    "vpc": null,
    "environmentVariables": {
      "FIREBASE_CONFIG": "{\"projectId\":\"activelink2026\",\"storageBucket\":\"activelink2026.firebasestorage.app\"}",
      "GCLOUD_PROJECT": "activelink2026",
      "EVENTARC_CLOUD_EVENT_SOURCE": "projects/activelink2026/locations/us-central1/services/onOfferCreatedTrigger",
      "FUNCTION_REGION": "us-central1"
    },
    "codebase": "default",
    "cpu": 1,
    "targetedByOnly": false,
    "hash": "b5f3ab90a664c0076bac053151e82e94c3cd5a62"
  },
  "op": "create",
  "original": {
    "name": "FirebaseError",
    "children": [],
    "exit": 1,
    "message": "Build failed with status: FAILURE and message: An unexpected error occurred. Refer to build logs: https://console.cloud.google.com/cloud-build/builds;region=us-central1/d2cadcb9-6fd7-4367-b8c0-909f6f5c4291?project=1067597927443. For more details see the logs at https://console.cloud.google.com/cloud-build/builds;region=us-central1/d2cadcb9-6fd7-4367-b8c0-909f6f5c4291?project=1067597927443.",
    "original": {
      "code": 13,
      "message": "Build failed with status: FAILURE and message: An unexpected error occurred. Refer to build logs: https://console.cloud.google.com/cloud-build/builds;region=us-central1/d2cadcb9-6fd7-4367-b8c0-909f6f5c4291?project=1067597927443. For more details see the logs at https://console.cloud.google.com/cloud-build/builds;region=us-central1/d2cadcb9-6fd7-4367-b8c0-909f6f5c4291?project=1067597927443."
    },
    "status": 13,
    "code": 13
  }
}
[debug] [2026-08-31T14:02:58.499Z] {
  "endpoint": {
    "id": "onOfferAcceptedTrigger",
    "project": "activelink2026",
    "region": "us-central1",
    "entryPoint": "onOfferAcceptedTrigger",
    "platform": "gcfv2",
    "runtime": "nodejs22",
    "eventTrigger": {
      "eventType": "google.cloud.firestore.document.v1.updated",
      "retry": false,
      "eventFilters": {
        "database": "(default)",
        "namespace": "(default)"
      },
      "eventFilterPathPatterns": {
        "document": "offers/{offerId}"
      },
      "region": "nam5"
    },
    "labels": {
      "deployment-tool": "cli-firebase"
    },
    "serviceAccount": null,
    "ingressSettings": null,
    "availableMemoryMb": null,
    "timeoutSeconds": null,
    "maxInstances": null,
    "minInstances": null,
    "concurrency": 80,
    "vpc": null,
    "environmentVariables": {
      "FIREBASE_CONFIG": "{\"projectId\":\"activelink2026\",\"storageBucket\":\"activelink2026.firebasestorage.app\"}",
      "GCLOUD_PROJECT": "activelink2026",
      "EVENTARC_CLOUD_EVENT_SOURCE": "projects/activelink2026/locations/us-central1/services/onOfferAcceptedTrigger",
      "FUNCTION_REGION": "us-central1"
    },
    "codebase": "default",
    "cpu": 1,
    "targetedByOnly": false,
    "hash": "b5f3ab90a664c0076bac053151e82e94c3cd5a62"
  },
  "op": "create",
  "original": {
    "name": "FirebaseError",
    "children": [],
    "exit": 1,
    "message": "Build failed with status: FAILURE and message: An unexpected error occurred. Refer to build logs: https://console.cloud.google.com/cloud-build/builds;region=us-central1/d4e5c0f6-8c26-487e-afea-4918af0805c1?project=1067597927443. For more details see the logs at https://console.cloud.google.com/cloud-build/builds;region=us-central1/d4e5c0f6-8c26-487e-afea-4918af0805c1?project=1067597927443.",
    "original": {
      "code": 13,
      "message": "Build failed with status: FAILURE and message: An unexpected error occurred. Refer to build logs: https://console.cloud.google.com/cloud-build/builds;region=us-central1/d4e5c0f6-8c26-487e-afea-4918af0805c1?project=1067597927443. For more details see the logs at https://console.cloud.google.com/cloud-build/builds;region=us-central1/d4e5c0f6-8c26-487e-afea-4918af0805c1?project=1067597927443."
    },
    "status": 13,
    "code": 13
  }
}
[debug] [2026-08-31T14:02:58.499Z] {
  "endpoint": {
    "id": "verifyOfferOtp",
    "project": "activelink2026",
    "region": "us-central1",
    "entryPoint": "verifyOfferOtp",
    "platform": "gcfv2",
    "runtime": "nodejs22",
    "callableTrigger": {},
    "labels": {
      "deployment-tool": "cli-firebase"
    },
    "serviceAccount": null,
    "ingressSettings": null,
    "availableMemoryMb": null,
    "timeoutSeconds": null,
    "maxInstances": null,
    "minInstances": null,
    "concurrency": 80,
    "vpc": null,
    "environmentVariables": {
      "FIREBASE_CONFIG": "{\"projectId\":\"activelink2026\",\"storageBucket\":\"activelink2026.firebasestorage.app\"}",
      "GCLOUD_PROJECT": "activelink2026",
      "EVENTARC_CLOUD_EVENT_SOURCE": "projects/activelink2026/locations/us-central1/services/verifyOfferOtp",
      "FUNCTION_REGION": "us-central1"
    },
    "codebase": "default",
    "securityLevel": "SECURE_ALWAYS",
    "cpu": 1,
    "targetedByOnly": false,
    "hash": "b5f3ab90a664c0076bac053151e82e94c3cd5a62"
  },
  "op": "update",
  "original": {
    "name": "FirebaseError",
    "children": [],
    "exit": 1,
    "message": "Build failed with status: FAILURE and message: An unexpected error occurred. Refer to build logs: https://console.cloud.google.com/cloud-build/builds;region=us-central1/89f0136b-9193-408c-b79e-fc864c669c68?project=1067597927443. For more details see the logs at https://console.cloud.google.com/cloud-build/builds;region=us-central1/89f0136b-9193-408c-b79e-fc864c669c68?project=1067597927443.",
    "original": {
      "code": 13,
      "message": "Build failed with status: FAILURE and message: An unexpected error occurred. Refer to build logs: https://console.cloud.google.com/cloud-build/builds;region=us-central1/89f0136b-9193-408c-b79e-fc864c669c68?project=1067597927443. For more details see the logs at https://console.cloud.google.com/cloud-build/builds;region=us-central1/89f0136b-9193-408c-b79e-fc864c669c68?project=1067597927443."
    },
    "status": 13,
    "code": 13
  }
}
[error] Error: There was an error deploying functions:
[error] - Error Failed to create function onOfferCreatedTrigger in region us-central1
[error] - Error Failed to create function onOfferAcceptedTrigger in region us-central1
[error] - Error Failed to update function verifyOfferOtp in region us-central1
